Workbook

Sheet refs
A1: 1RM
A2: Exercice | B2: Load
A3: Squat | B3: 120
A4: Bench | B4: 95
A5: Deadlift | B5: 225
A6: Total | B6: =SUM(B3:B5) -> 440
A8: Renfo
A9: Exercice | B9: Reps | C9: Load
A10: Pull-ups | B10: 5 | C10: 0
A11: Dips | B11: 8 | C11: 0
A12: Lateral raises | B12: 15 | C12: 14
A13: Strict curl | B13: 15 | C13: 14
A14: Dumbbel rowing | B14: 8 | C14: 46
A15: Hammer curl | B15: 8 | C15: 26

Sheet week 1
A1: =refs!A10 -> Pull-ups
A2: Exercice | B2: Reps | C2: RPE | D2: Percentage | E2: Load | F2: e1RM | G2: Part
A3: 2CT Paused Bench | B3: 3 | C3: 6 | D3: 82 | E3: =D3/100*refs!B4 -> 77.9 | F3: =IF(OR(C3="?",E3<=0), "?", ROUND(E3*(1+(B3+(10-C3))/30),1)) -> 96.1
A4: 2CT Paused Bench | B4: 3 | C4: 8 | D4: 87 | E4: =D4/100*refs!B4 -> 82.65 | F4: =IF(OR(C4="?",E4<=0), "?", ROUND(E4*(1+(B4+(10-C4))/30),1)) -> 96.4
A5: 2CT Paused Bench | B5: 3 | C5: 8 | D5: 87 | E5: =D5/100*refs!B4 -> 82.65 | F5: =IF(OR(C5="?",E5<=0), "?", ROUND(E5*(1+(B5+(10-C5))/30),1)) -> 96.4
A6: Larsen 2CT Paused | B6: 3 | C6: ? | D6: 82 | E6: =D6/100*refs!B4 -> 77.9 | F6: =IF(OR(C6="?",E6<=0), "?", ROUND(E6*(1+(B6+(10-C6))/30),1)) -> ?
A7: Larsen 2CT Paused | B7: 3 | C7: ? | D7: 82 | E7: =D7/100*refs!B4 -> 77.9 | F7: =IF(OR(C7="?",E7<=0), "?", ROUND(E7*(1+(B7+(10-C7))/30),1)) -> ?
A8: Deadlift | B8: 3 | C8: 5 | D8: 79 | E8: =D8/100*refs!B5 -> 177.75 | F8: =IF(OR(C8="?",E8<=0), "?", ROUND(E8*(1+(B8+(10-C8))/30),1)) -> 225.2
A9: Deadlift | B9: 3 | C9: 7 | D9: 84 | E9: =D9/100*refs!B5 -> 189 | F9: =IF(OR(C9="?",E9<=0), "?", ROUND(E9*(1+(B9+(10-C9))/30),1)) -> 226.8
A10: Deadlift | B10: 3 | C10: 5 | D10: 79 | E10: =D10/100*refs!B5 -> 177.75 | F10: =IF(OR(C10="?",E10<=0), "?", ROUND(E10*(1+(B10+(10-C10))/30),1)) -> 225.2
A11: Paused deadlift | B11: 3 | C11: 6 | D11: 75 | E11: =D11/100*refs!B5 -> 168.75 | F11: =IF(OR(C11="?",E11<=0), "?", ROUND(E11*(1+(B11+(10-C11))/30),1)) -> 208.1
A12: Paused deadlift | B12: 3 | C12: 8 | D12: 81 | E12: =D12/100*refs!B5 -> 182.25 | F12: =IF(OR(C12="?",E12<=0), "?", ROUND(E12*(1+(B12+(10-C12))/30),1)) -> 212.6
A13: =refs!A10 -> Pull-ups | B13: =refs!B10 -> 5 | C13: 8 | E13: =refs!C10 -> 0 | F13: =IF(OR(C13="?",E13<=0), "?", ROUND(E13*(1+(B13+(10-C13))/30),1)) -> ?
A14: =refs!A10 -> Pull-ups | B14: =refs!B10 -> 5 | C14: 8 | E14: =refs!C10 -> 0 | F14: =IF(OR(C14="?",E14<=0), "?", ROUND(E14*(1+(B14+(10-C14))/30),1)) -> ?
A15: =refs!A10 -> Pull-ups | B15: =refs!B10 -> 5 | C15: 8 | E15: =refs!C10 -> 0 | F15: =IF(OR(C15="?",E15<=0), "?", ROUND(E15*(1+(B15+(10-C15))/30),1)) -> ?
A16: =refs!A10 -> Pull-ups | B16: =refs!B10 -> 5 | C16: 8 | E16: =refs!C10 -> 0 | F16: =IF(OR(C16="?",E16<=0), "?", ROUND(E16*(1+(B16+(10-C16))/30),1)) -> ?
A17: =refs!A11 -> Dips | B17: =refs!B11 -> 8 | C17: 8 | E17: =refs!C11 -> 0 | F17: =IF(OR(C17="?",E17<=0), "?", ROUND(E17*(1+(B17+(10-C17))/30),1)) -> ?
A18: =refs!A11 -> Dips | B18: =refs!B11 -> 8 | C18: 8 | E18: =refs!C11 -> 0 | F18: =IF(OR(C18="?",E18<=0), "?", ROUND(E18*(1+(B18+(10-C18))/30),1)) -> ?
A19: =refs!A11 -> Dips | B19: =refs!B11 -> 8 | C19: 8 | E19: =refs!C11 -> 0 | F19: =IF(OR(C19="?",E19<=0), "?", ROUND(E19*(1+(B19+(10-C19))/30),1)) -> ?
A20: =refs!A11 -> Dips | B20: =refs!B11 -> 8 | C20: 8 | E20: =refs!C11 -> 0 | F20: =IF(OR(C20="?",E20<=0), "?", ROUND(E20*(1+(B20+(10-C20))/30),1)) -> ?
A21: =refs!A12 -> Lateral raises | B21: =refs!B12 -> 15 | C21: 8 | E21: =refs!C12 -> 14 | F21: =IF(OR(C21="?",E21<=0), "?", ROUND(E21*(1+(B21+(10-C21))/30),1)) -> 21.9 | G21: 2
A22: =refs!A12 -> Lateral raises | B22: =refs!B12 -> 15 | C22: 8 | E22: =refs!C12 -> 14 | F22: =IF(OR(C22="?",E22<=0), "?", ROUND(E22*(1+(B22+(10-C22))/30),1)) -> 21.9
A23: =refs!A12 -> Lateral raises | B23: =refs!B12 -> 15 | C23: 8 | E23: =refs!C12 -> 14 | F23: =IF(OR(C23="?",E23<=0), "?", ROUND(E23*(1+(B23+(10-C23))/30),1)) -> 21.9
A24: =refs!A12 -> Lateral raises | B24: =refs!B12 -> 15 | C24: 8 | E24: =refs!C12 -> 14 | F24: =IF(OR(C24="?",E24<=0), "?", ROUND(E24*(1+(B24+(10-C24))/30),1)) -> 21.9
A25: =refs!A13 -> Strict curl | B25: =refs!B13 -> 15 | C25: 8 | E25: =refs!C13 -> 14 | F25: =IF(OR(C25="?",E25<=0), "?", ROUND(E25*(1+(B25+(10-C25))/30),1)) -> 21.9
A26: =refs!A13 -> Strict curl | B26: =refs!B13 -> 15 | C26: 8 | E26: =refs!C13 -> 14 | F26: =IF(OR(C26="?",E26<=0), "?", ROUND(E26*(1+(B26+(10-C26))/30),1)) -> 21.9
A27: =refs!A13 -> Strict curl | B27: =refs!B13 -> 15 | C27: 8 | E27: =refs!C13 -> 14 | F27: =IF(OR(C27="?",E27<=0), "?", ROUND(E27*(1+(B27+(10-C27))/30),1)) -> 21.9
A28: =refs!A13 -> Strict curl | B28: =refs!B13 -> 15 | C28: 8 | E28: =refs!C13 -> 14 | F28: =IF(OR(C28="?",E28<=0), "?", ROUND(E28*(1+(B28+(10-C28))/30),1)) -> 21.9
A30: WEEK 1 DAY 2
A31: Exercice | B31: Reps | C31: RPE | D31: Percentage | E31: Load | F31: e1RM | G31: Part
A32: Squat | B32: 3 | C32: 5 | D32: 79 | E32: =D32/100*refs!B3 -> 94.8 | F32: =IF(OR(C32="?",E32<=0), "?", ROUND(E32*(1+(B32+(10-C32))/30),1)) -> 120.1 | G32: 1
A33: Squat | B33: 3 | C33: 7 | D33: 84 | E33: =D33/100*refs!B3 -> 100.8 | F33: =IF(OR(C33="?",E33<=0), "?", ROUND(E33*(1+(B33+(10-C33))/30),1)) -> 121
A34: Squat | B34: 3 | C34: 6 | D34: 82 | E34: =D34/100*refs!B3 -> 98.4 | F34: =IF(OR(C34="?",E34<=0), "?", ROUND(E34*(1+(B34+(10-C34))/30),1)) -> 121.4
A35: Tempo squat 3:1:3 | B35: 5 | C35: 7 | D35: 77 | E35: =D35/100*refs!B3 -> 92.4 | F35: =IF(OR(C35="?",E35<=0), "?", ROUND(E35*(1+(B35+(10-C35))/30),1)) -> 117
A36: Tempo squat 3:1:3 | B36: 5 | C36: 7 | D36: 77 | E36: =D36/100*refs!B3 -> 92.4 | F36: =IF(OR(C36="?",E36<=0), "?", ROUND(E36*(1+(B36+(10-C36))/30),1)) -> 117
A37: Tempo squat 3:1:3 | B37: 5 | C37: 7 | D37: 77 | E37: =D37/100*refs!B3 -> 92.4 | F37: =IF(OR(C37="?",E37<=0), "?", ROUND(E37*(1+(B37+(10-C37))/30),1)) -> 117
A38: Bench | B38: 7 | C38: 6 | D38: 71 | E38: =D38/100*refs!B4 -> 67.45 | F38: =IF(OR(C38="?",E38<=0), "?", ROUND(E38*(1+(B38+(10-C38))/30),1)) -> 92.2
A39: Bench | B39: 7 | C39: 8 | D39: 77 | E39: =D39/100*refs!B4 -> 73.15 | F39: =IF(OR(C39="?",E39<=0), "?", ROUND(E39*(1+(B39+(10-C39))/30),1)) -> 95.1
A40: Bench | B40: 7 | C40: ? | D40: 71 | E40: =D40/100*refs!B4 -> 67.45 | F40: =IF(OR(C40="?",E40<=0), "?", ROUND(E40*(1+(B40+(10-C40))/30),1)) -> ?
A41: Bench | B41: 7 | C41: ? | D41: 66 | E41: =D41/100*refs!B4 -> 62.7 | F41: =IF(OR(C41="?",E41<=0), "?", ROUND(E41*(1+(B41+(10-C41))/30),1)) -> ?
A42: Bench | B42: 7 | C42: ? | D42: 66 | E42: =D42/100*refs!B4 -> 62.7 | F42: =IF(OR(C42="?",E42<=0), "?", ROUND(E42*(1+(B42+(10-C42))/30),1)) -> ?
A43: =refs!A14 -> Dumbbel rowing | B43: =refs!B14 -> 8 | C43: 8 | E43: =refs!C14 -> 46 | F43: =IF(OR(C43="?",E43<=0), "?", ROUND(E43*(1+(B43+(10-C43))/30),1)) -> 61.3
A44: =refs!A14 -> Dumbbel rowing | B44: =refs!B14 -> 8 | C44: 8 | E44: =refs!C14 -> 46 | F44: =IF(OR(C44="?",E44<=0), "?", ROUND(E44*(1+(B44+(10-C44))/30),1)) -> 61.3
A45: =refs!A14 -> Dumbbel rowing | B45: =refs!B14 -> 8 | C45: 8 | E45: =refs!C14 -> 46 | F45: =IF(OR(C45="?",E45<=0), "?", ROUND(E45*(1+(B45+(10-C45))/30),1)) -> 61.3
A46: =refs!A14 -> Dumbbel rowing | B46: =refs!B14 -> 8 | C46: 8 | E46: =refs!C14 -> 46 | F46: =IF(OR(C46="?",E46<=0), "?", ROUND(E46*(1+(B46+(10-C46))/30),1)) -> 61.3
A47: =refs!A15 -> Hammer curl | B47: =refs!B15 -> 8 | C47: 8 | E47: =refs!C15 -> 26 | F47: =IF(OR(C47="?",E47<=0), "?", ROUND(E47*(1+(B47+(10-C47))/30),1)) -> 34.7
A48: =refs!A15 -> Hammer curl | B48: =refs!B15 -> 8 | C48: 8 | E48: =refs!C15 -> 26 | F48: =IF(OR(C48="?",E48<=0), "?", ROUND(E48*(1+(B48+(10-C48))/30),1)) -> 34.7
A49: =refs!A15 -> Hammer curl | B49: =refs!B15 -> 8 | C49: 8 | E49: =refs!C15 -> 26 | F49: =IF(OR(C49="?",E49<=0), "?", ROUND(E49*(1+(B49+(10-C49))/30),1)) -> 34.7
A50: =refs!A15 -> Hammer curl | B50: =refs!B15 -> 8 | C50: 8 | E50: =refs!C15 -> 26 | F50: =IF(OR(C50="?",E50<=0), "?", ROUND(E50*(1+(B50+(10-C50))/30),1)) -> 34.7
A52: WEEK 1 DAY 3
A53: Exercice | B53: Reps | C53: RPE | D53: Percentage | E53: Load | F53: e1RM | G53: Part
A54: Close Grip Bench | B54: 4 | C54: 6 | D54: 79 | E54: =D54/100*refs!B4 -> 75.05 | F54: =IF(OR(C54="?",E54<=0), "?", ROUND(E54*(1+(B54+(10-C54))/30),1)) -> 95.1
A55: Close Grip Bench | B55: 4 | C55: 8 | D55: 84 | E55: =D55/100*refs!B4 -> 79.8 | F55: =IF(OR(C55="?",E55<=0), "?", ROUND(E55*(1+(B55+(10-C55))/30),1)) -> 95.8
A56: Close Grip Bench | B56: 4 | C56: 8 | D56: 84 | E56: =D56/100*refs!B4 -> 79.8 | F56: =IF(OR(C56="?",E56<=0), "?", ROUND(E56*(1+(B56+(10-C56))/30),1)) -> 95.8
A57: Close Grip Bench | B57: 4 | C57: ? | D57: 78 | E57: =D57/100*refs!B4 -> 74.1 | F57: =IF(OR(C57="?",E57<=0), "?", ROUND(E57*(1+(B57+(10-C57))/30),1)) -> ?
A58: Larsen Close Grip | B58: 8 | C58: 8 | D58: 74 | E58: =D58/100*refs!B4 -> 70.3 | F58: =IF(OR(C58="?",E58<=0), "?", ROUND(E58*(1+(B58+(10-C58))/30),1)) -> 93.7
A59: Larsen Close Grip | B59: 8 | C59: 8 | D59: 74 | E59: =D59/100*refs!B4 -> 70.3 | F59: =IF(OR(C59="?",E59<=0), "?", ROUND(E59*(1+(B59+(10-C59))/30),1)) -> 93.7
A60: Deadlift | B60: 1 | C60: 5 | D60: 84 | E60: =D60/100*refs!B5 -> 189 | F60: =IF(OR(C60="?",E60<=0), "?", ROUND(E60*(1+(B60+(10-C60))/30),1)) -> 226.8
A61: Deadlift | B61: 1 | C61: 7 | D61: 90 | E61: =D61/100*refs!B5 -> 202.5 | F61: =IF(OR(C61="?",E61<=0), "?", ROUND(E61*(1+(B61+(10-C61))/30),1)) -> 229.5
A62: Deadlift | B62: 1 | C62: 7 | D62: 90 | E62: =D62/100*refs!B5 -> 202.5 | F62: =IF(OR(C62="?",E62<=0), "?", ROUND(E62*(1+(B62+(10-C62))/30),1)) -> 229.5
A63: Deadlift | B63: 5 | C63: 8 | D63: 82 | E63: =D63/100*refs!B5 -> 184.5 | F63: =IF(OR(C63="?",E63<=0), "?", ROUND(E63*(1+(B63+(10-C63))/30),1)) -> 227.6
A64: Deadlift | B64: 5 | C64: ? | D64: 73 | E64: =D64/100*refs!B5 -> 164.25 | F64: =IF(OR(C64="?",E64<=0), "?", ROUND(E64*(1+(B64+(10-C64))/30),1)) -> ?
A65: Deadlift | B65: 5 | C65: ? | D65: 73 | E65: =D65/100*refs!B5 -> 164.25 | F65: =IF(OR(C65="?",E65<=0), "?", ROUND(E65*(1+(B65+(10-C65))/30),1)) -> ?
A66: =refs!A10 -> Pull-ups | B66: =refs!B10 -> 5 | C66: 8 | E66: =refs!C10 -> 0 | F66: =IF(OR(C66="?",E66<=0), "?", ROUND(E66*(1+(B66+(10-C66))/30),1)) -> ?
A67: =refs!A10 -> Pull-ups | B67: =refs!B10 -> 5 | C67: 8 | E67: =refs!C10 -> 0 | F67: =IF(OR(C67="?",E67<=0), "?", ROUND(E67*(1+(B67+(10-C67))/30),1)) -> ?
A68: =refs!A10 -> Pull-ups | B68: =refs!B10 -> 5 | C68: 8 | E68: =refs!C10 -> 0 | F68: =IF(OR(C68="?",E68<=0), "?", ROUND(E68*(1+(B68+(10-C68))/30),1)) -> ?
A69: =refs!A10 -> Pull-ups | B69: =refs!B10 -> 5 | C69: 8 | E69: =refs!C10 -> 0 | F69: =IF(OR(C69="?",E69<=0), "?", ROUND(E69*(1+(B69+(10-C69))/30),1)) -> ?
A70: =refs!A11 -> Dips | B70: =refs!B11 -> 8 | C70: 8 | E70: =refs!C11 -> 0 | F70: =IF(OR(C70="?",E70<=0), "?", ROUND(E70*(1+(B70+(10-C70))/30),1)) -> ?
A71: =refs!A11 -> Dips | B71: =refs!B11 -> 8 | C71: 8 | E71: =refs!C11 -> 0 | F71: =IF(OR(C71="?",E71<=0), "?", ROUND(E71*(1+(B71+(10-C71))/30),1)) -> ?
A72: =refs!A11 -> Dips | B72: =refs!B11 -> 8 | C72: 8 | E72: =refs!C11 -> 0 | F72: =IF(OR(C72="?",E72<=0), "?", ROUND(E72*(1+(B72+(10-C72))/30),1)) -> ?
A73: =refs!A11 -> Dips | B73: =refs!B11 -> 8 | C73: 8 | E73: =refs!C11 -> 0 | F73: =IF(OR(C73="?",E73<=0), "?", ROUND(E73*(1+(B73+(10-C73))/30),1)) -> ?
A74: =refs!A12 -> Lateral raises | B74: =refs!B12 -> 15 | C74: 8 | E74: =refs!C12 -> 14 | F74: =IF(OR(C74="?",E74<=0), "?", ROUND(E74*(1+(B74+(10-C74))/30),1)) -> 21.9 | G74: 2
A75: =refs!A12 -> Lateral raises | B75: =refs!B12 -> 15 | C75: 8 | E75: =refs!C12 -> 14 | F75: =IF(OR(C75="?",E75<=0), "?", ROUND(E75*(1+(B75+(10-C75))/30),1)) -> 21.9
A76: =refs!A12 -> Lateral raises | B76: =refs!B12 -> 15 | C76: 8 | E76: =refs!C12 -> 14 | F76: =IF(OR(C76="?",E76<=0), "?", ROUND(E76*(1+(B76+(10-C76))/30),1)) -> 21.9
A77: =refs!A12 -> Lateral raises | B77: =refs!B12 -> 15 | C77: 8 | E77: =refs!C12 -> 14 | F77: =IF(OR(C77="?",E77<=0), "?", ROUND(E77*(1+(B77+(10-C77))/30),1)) -> 21.9
A78: =refs!A13 -> Strict curl | B78: =refs!B13 -> 15 | C78: 8 | E78: =refs!C13 -> 14 | F78: =IF(OR(C78="?",E78<=0), "?", ROUND(E78*(1+(B78+(10-C78))/30),1)) -> 21.9
A79: =refs!A13 -> Strict curl | B79: =refs!B13 -> 15 | C79: 8 | E79: =refs!C13 -> 14 | F79: =IF(OR(C79="?",E79<=0), "?", ROUND(E79*(1+(B79+(10-C79))/30),1)) -> 21.9
A80: =refs!A13 -> Strict curl | B80: =refs!B13 -> 15 | C80: 8 | E80: =refs!C13 -> 14 | F80: =IF(OR(C80="?",E80<=0), "?", ROUND(E80*(1+(B80+(10-C80))/30),1)) -> 21.9
A81: =refs!A13 -> Strict curl | B81: =refs!B13 -> 15 | C81: 8 | E81: =refs!C13 -> 14 | F81: =IF(OR(C81="?",E81<=0), "?", ROUND(E81*(1+(B81+(10-C81))/30),1)) -> 21.9
A83: WEEK 1 DAY 4
A84: Exercice | B84: Reps | C84: RPE | D84: Percentage | E84: Load | F84: e1RM | G84: Part
A85: Squat | B85: 1 | C85: 5 | D85: 84 | E85: =D85/100*refs!B3 -> 100.8 | F85: =IF(OR(C85="?",E85<=0), "?", ROUND(E85*(1+(B85+(10-C85))/30),1)) -> 121 | G85: 1
A86: Squat | B86: 1 | C86: 7 | D86: 90 | E86: =D86/100*refs!B3 -> 108 | F86: =IF(OR(C86="?",E86<=0), "?", ROUND(E86*(1+(B86+(10-C86))/30),1)) -> 122.4
A87: Squat | B87: 5 | C87: 8 | D87: 78 | E87: =D87/100*refs!B3 -> 93.6 | F87: =IF(OR(C87="?",E87<=0), "?", ROUND(E87*(1+(B87+(10-C87))/30),1)) -> 115.4
A88: Squat | B88: 5 | C88: 7 | D88: 77 | E88: =D88/100*refs!B3 -> 92.4 | F88: =IF(OR(C88="?",E88<=0), "?", ROUND(E88*(1+(B88+(10-C88))/30),1)) -> 117
A89: Squat | B89: 5 | C89: 7 | D89: 77 | E89: =D89/100*refs!B3 -> 92.4 | F89: =IF(OR(C89="?",E89<=0), "?", ROUND(E89*(1+(B89+(10-C89))/30),1)) -> 117
A90: Bench | B90: 1 | C90: 6 | D90: 87 | E90: =D90/100*refs!B4 -> 82.65 | F90: =IF(OR(C90="?",E90<=0), "?", ROUND(E90*(1+(B90+(10-C90))/30),1)) -> 96.4
A91: Bench | B91: 1 | C91: 8 | D91: 93 | E91: =D91/100*refs!B4 -> 88.35 | F91: =IF(OR(C91="?",E91<=0), "?", ROUND(E91*(1+(B91+(10-C91))/30),1)) -> 97.2
A92: Bench | B92: 1 | C92: 7 | D92: 90 | E92: =D92/100*refs!B4 -> 85.5 | F92: =IF(OR(C92="?",E92<=0), "?", ROUND(E92*(1+(B92+(10-C92))/30),1)) -> 96.9
A93: Larsen press | B93: 5 | C93: 8 | D93: 82 | E93: =D93/100*refs!B4 -> 77.9 | F93: =IF(OR(C93="?",E93<=0), "?", ROUND(E93*(1+(B93+(10-C93))/30),1)) -> 96.1
A94: Larsen press | B94: 5 | C94: 8 | D94: 82 | E94: =D94/100*refs!B4 -> 77.9 | F94: =IF(OR(C94="?",E94<=0), "?", ROUND(E94*(1+(B94+(10-C94))/30),1)) -> 96.1
A95: =refs!A14 -> Dumbbel rowing | B95: =refs!B14 -> 8 | C95: 8 | E95: =refs!C14 -> 46 | F95: =IF(OR(C95="?",E95<=0), "?", ROUND(E95*(1+(B95+(10-C95))/30),1)) -> 61.3
A96: =refs!A14 -> Dumbbel rowing | B96: =refs!B14 -> 8 | C96: 8 | E96: =refs!C14 -> 46 | F96: =IF(OR(C96="?",E96<=0), "?", ROUND(E96*(1+(B96+(10-C96))/30),1)) -> 61.3
A97: =refs!A14 -> Dumbbel rowing | B97: =refs!B14 -> 8 | C97: 8 | E97: =refs!C14 -> 46 | F97: =IF(OR(C97="?",E97<=0), "?", ROUND(E97*(1+(B97+(10-C97))/30),1)) -> 61.3
A98: =refs!A14 -> Dumbbel rowing | B98: =refs!B14 -> 8 | C98: 8 | E98: =refs!C14 -> 46 | F98: =IF(OR(C98="?",E98<=0), "?", ROUND(E98*(1+(B98+(10-C98))/30),1)) -> 61.3
A99: =refs!A15 -> Hammer curl | B99: =refs!B15 -> 8 | C99: 8 | E99: =refs!C15 -> 26 | F99: =IF(OR(C99="?",E99<=0), "?", ROUND(E99*(1+(B99+(10-C99))/30),1)) -> 34.7
A100: =refs!A15 -> Hammer curl | B100: =refs!B15 -> 8 | C100: 8 | E100: =refs!C15 -> 26 | F100: =IF(OR(C100="?",E100<=0), "?", ROUND(E100*(1+(B100+(10-C100))/30),1)) -> 34.7
A101: =refs!A15 -> Hammer curl | B101: =refs!B15 -> 8 | C101: 8 | E101: =refs!C15 -> 26 | F101: =IF(OR(C101="?",E101<=0), "?", ROUND(E101*(1+(B101+(10-C101))/30),1)) -> 34.7
A102: =refs!A15 -> Hammer curl | B102: =refs!B15 -> 8 | C102: 8 | E102: =refs!C15 -> 26 | F102: =IF(OR(C102="?",E102<=0), "?", ROUND(E102*(1+(B102+(10-C102))/30),1)) -> 34.7

Sheet week 2
A1: WEEK 2 DAY 1
A2: Exercice | B2: Reps | C2: RPE | D2: Percentage | E2: Load | F2: e1RM | G2: Part
A3: 2CT Paused Bench | B3: 3 | C3: 6 | D3: 82 | E3: =D3/100*refs!B4 -> 77.9 | F3: =IF(OR(C3="?",E3<=0), "?", ROUND(E3*(1+(B3+(10-C3))/30),1)) -> 96.1
A4: 2CT Paused Bench | B4: 3 | C4: 8 | D4: 87 | E4: =D4/100*refs!B4 -> 82.65 | F4: =IF(OR(C4="?",E4<=0), "?", ROUND(E4*(1+(B4+(10-C4))/30),1)) -> 96.4
A5: 2CT Paused Bench | B5: 3 | C5: 8 | D5: 87 | E5: =D5/100*refs!B4 -> 82.65 | F5: =IF(OR(C5="?",E5<=0), "?", ROUND(E5*(1+(B5+(10-C5))/30),1)) -> 96.4
A6: 2CT Paused Bench | B6: 3 | C6: ? | D6: 82 | E6: =D6/100*refs!B4 -> 77.9 | F6: =IF(OR(C6="?",E6<=0), "?", ROUND(E6*(1+(B6+(10-C6))/30),1)) -> ?
A7: 2CT Paused Bench | B7: 3 | C7: ? | D7: 82 | E7: =D7/100*refs!B4 -> 77.9 | F7: =IF(OR(C7="?",E7<=0), "?", ROUND(E7*(1+(B7+(10-C7))/30),1)) -> ?
A8: Deadlift | B8: 3 | C8: 6 | D8: 82 | E8: =D8/100*refs!B5 -> 184.5 | F8: =IF(OR(C8="?",E8<=0), "?", ROUND(E8*(1+(B8+(10-C8))/30),1)) -> 227.6
A9: Deadlift | B9: 3 | C9: 8 | D9: 87 | E9: =D9/100*refs!B5 -> 195.75 | F9: =IF(OR(C9="?",E9<=0), "?", ROUND(E9*(1+(B9+(10-C9))/30),1)) -> 228.4
A10: Deadlift | B10: 3 | C10: 6 | D10: 82 | E10: =D10/100*refs!B5 -> 184.5 | F10: =IF(OR(C10="?",E10<=0), "?", ROUND(E10*(1+(B10+(10-C10))/30),1)) -> 227.6
A11: Paused deadlift | B11: 3 | C11: 6 | D11: 75 | E11: =D11/100*refs!B5 -> 168.75 | F11: =IF(OR(C11="?",E11<=0), "?", ROUND(E11*(1+(B11+(10-C11))/30),1)) -> 208.1
A12: Paused deadlift | B12: 3 | C12: 8 | D12: 81 | E12: =D12/100*refs!B5 -> 182.25 | F12: =IF(OR(C12="?",E12<=0), "?", ROUND(E12*(1+(B12+(10-C12))/30),1)) -> 212.6
A13: Paused deadlift | B13: 3 | C13: 6 | D13: 75 | E13: =D13/100*refs!B5 -> 168.75 | F13: =IF(OR(C13="?",E13<=0), "?", ROUND(E13*(1+(B13+(10-C13))/30),1)) -> 208.1
A14: =refs!A10 -> Pull-ups | B14: =refs!B10 -> 5 | C14: 8 | E14: =refs!C10 -> 0 | F14: =IF(OR(C14="?",E14<=0), "?", ROUND(E14*(1+(B14+(10-C14))/30),1)) -> ?
A15: =refs!A10 -> Pull-ups | B15: =refs!B10 -> 5 | C15: 8 | E15: =refs!C10 -> 0 | F15: =IF(OR(C15="?",E15<=0), "?", ROUND(E15*(1+(B15+(10-C15))/30),1)) -> ?
A16: =refs!A10 -> Pull-ups | B16: =refs!B10 -> 5 | C16: 8 | E16: =refs!C10 -> 0 | F16: =IF(OR(C16="?",E16<=0), "?", ROUND(E16*(1+(B16+(10-C16))/30),1)) -> ?
A17: =refs!A10 -> Pull-ups | B17: =refs!B10 -> 5 | C17: 8 | E17: =refs!C10 -> 0 | F17: =IF(OR(C17="?",E17<=0), "?", ROUND(E17*(1+(B17+(10-C17))/30),1)) -> ?
A18: =refs!A11 -> Dips | B18: =refs!B11 -> 8 | C18: 8 | E18: =refs!C11 -> 0 | F18: =IF(OR(C18="?",E18<=0), "?", ROUND(E18*(1+(B18+(10-C18))/30),1)) -> ?
A19: =refs!A11 -> Dips | B19: =refs!B11 -> 8 | C19: 8 | E19: =refs!C11 -> 0 | F19: =IF(OR(C19="?",E19<=0), "?", ROUND(E19*(1+(B19+(10-C19))/30),1)) -> ?
A20: =refs!A11 -> Dips | B20: =refs!B11 -> 8 | C20: 8 | E20: =refs!C11 -> 0 | F20: =IF(OR(C20="?",E20<=0), "?", ROUND(E20*(1+(B20+(10-C20))/30),1)) -> ?
A21: =refs!A11 -> Dips | B21: =refs!B11 -> 8 | C21: 8 | E21: =refs!C11 -> 0 | F21: =IF(OR(C21="?",E21<=0), "?", ROUND(E21*(1+(B21+(10-C21))/30),1)) -> ?
A22: =refs!A12 -> Lateral raises | B22: =refs!B12 -> 15 | C22: 8 | E22: =refs!C12 -> 14 | F22: =IF(OR(C22="?",E22<=0), "?", ROUND(E22*(1+(B22+(10-C22))/30),1)) -> 21.9 | G22: 2
A23: =refs!A12 -> Lateral raises | B23: =refs!B12 -> 15 | C23: 8 | E23: =refs!C12 -> 14 | F23: =IF(OR(C23="?",E23<=0), "?", ROUND(E23*(1+(B23+(10-C23))/30),1)) -> 21.9
A24: =refs!A12 -> Lateral raises | B24: =refs!B12 -> 15 | C24: 8 | E24: =refs!C12 -> 14 | F24: =IF(OR(C24="?",E24<=0), "?", ROUND(E24*(1+(B24+(10-C24))/30),1)) -> 21.9
A25: =refs!A12 -> Lateral raises | B25: =refs!B12 -> 15 | C25: 8 | E25: =refs!C12 -> 14 | F25: =IF(OR(C25="?",E25<=0), "?", ROUND(E25*(1+(B25+(10-C25))/30),1)) -> 21.9
A26: =refs!A13 -> Strict curl | B26: =refs!B13 -> 15 | C26: 8 | E26: =refs!C13 -> 14 | F26: =IF(OR(C26="?",E26<=0), "?", ROUND(E26*(1+(B26+(10-C26))/30),1)) -> 21.9
A27: =refs!A13 -> Strict curl | B27: =refs!B13 -> 15 | C27: 8 | E27: =refs!C13 -> 14 | F27: =IF(OR(C27="?",E27<=0), "?", ROUND(E27*(1+(B27+(10-C27))/30),1)) -> 21.9
A28: =refs!A13 -> Strict curl | B28: =refs!B13 -> 15 | C28: 8 | E28: =refs!C13 -> 14 | F28: =IF(OR(C28="?",E28<=0), "?", ROUND(E28*(1+(B28+(10-C28))/30),1)) -> 21.9
A29: =refs!A13 -> Strict curl | B29: =refs!B13 -> 15 | C29: 8 | E29: =refs!C13 -> 14 | F29: =IF(OR(C29="?",E29<=0), "?", ROUND(E29*(1+(B29+(10-C29))/30),1)) -> 21.9
A31: WEEK 2 DAY 2
A32: Exercice | B32: Reps | C32: RPE | D32: Percentage | E32: Load | F32: e1RM | G32: Part
A33: Squat | B33: 3 | C33: 6 | D33: 82 | E33: =D33/100*refs!B3 -> 98.4 | F33: =IF(OR(C33="?",E33<=0), "?", ROUND(E33*(1+(B33+(10-C33))/30),1)) -> 121.4 | G33: 1
A34: Squat | B34: 3 | C34: 8 | D34: 87 | E34: =D34/100*refs!B3 -> 104.4 | F34: =IF(OR(C34="?",E34<=0), "?", ROUND(E34*(1+(B34+(10-C34))/30),1)) -> 121.8
A35: Squat | B35: 3 | C35: 7 | D35: 84 | E35: =D35/100*refs!B3 -> 100.8 | F35: =IF(OR(C35="?",E35<=0), "?", ROUND(E35*(1+(B35+(10-C35))/30),1)) -> 121
A36: Squat | B36: 3 | C36: 7 | D36: 84 | E36: =D36/100*refs!B3 -> 100.8 | F36: =IF(OR(C36="?",E36<=0), "?", ROUND(E36*(1+(B36+(10-C36))/30),1)) -> 121
A37: Tempo squat 3:1:3 | B37: 5 | C37: 7 | D37: 77 | E37: =D37/100*refs!B3 -> 92.4 | F37: =IF(OR(C37="?",E37<=0), "?", ROUND(E37*(1+(B37+(10-C37))/30),1)) -> 117
A38: Tempo squat 3:1:3 | B38: 5 | C38: 7 | D38: 77 | E38: =D38/100*refs!B3 -> 92.4 | F38: =IF(OR(C38="?",E38<=0), "?", ROUND(E38*(1+(B38+(10-C38))/30),1)) -> 117
A39: Tempo squat 3:1:3 | B39: 5 | C39: 7 | D39: 77 | E39: =D39/100*refs!B3 -> 92.4 | F39: =IF(OR(C39="?",E39<=0), "?", ROUND(E39*(1+(B39+(10-C39))/30),1)) -> 117
A40: Bench | B40: 7 | C40: 6 | D40: 71 | E40: =D40/100*refs!B4 -> 67.45 | F40: =IF(OR(C40="?",E40<=0), "?", ROUND(E40*(1+(B40+(10-C40))/30),1)) -> 92.2
A41: Bench | B41: 7 | C41: 8 | D41: 77 | E41: =D41/100*refs!B4 -> 73.15 | F41: =IF(OR(C41="?",E41<=0), "?", ROUND(E41*(1+(B41+(10-C41))/30),1)) -> 95.1
A42: Bench | B42: 7 | C42: ? | D42: 71 | E42: =D42/100*refs!B4 -> 67.45 | F42: =IF(OR(C42="?",E42<=0), "?", ROUND(E42*(1+(B42+(10-C42))/30),1)) -> ?
A43: Bench | B43: 7 | C43: ? | D43: 66 | E43: =D43/100*refs!B4 -> 62.7 | F43: =IF(OR(C43="?",E43<=0), "?", ROUND(E43*(1+(B43+(10-C43))/30),1)) -> ?
A44: Bench | B44: 7 | C44: ? | D44: 66 | E44: =D44/100*refs!B4 -> 62.7 | F44: =IF(OR(C44="?",E44<=0), "?", ROUND(E44*(1+(B44+(10-C44))/30),1)) -> ?
A45: =refs!A14 -> Dumbbel rowing | B45: =refs!B14 -> 8 | C45: 8 | E45: =refs!C14 -> 46 | F45: =IF(OR(C45="?",E45<=0), "?", ROUND(E45*(1+(B45+(10-C45))/30),1)) -> 61.3
A46: =refs!A14 -> Dumbbel rowing | B46: =refs!B14 -> 8 | C46: 8 | E46: =refs!C14 -> 46 | F46: =IF(OR(C46="?",E46<=0), "?", ROUND(E46*(1+(B46+(10-C46))/30),1)) -> 61.3
A47: =refs!A14 -> Dumbbel rowing | B47: =refs!B14 -> 8 | C47: 8 | E47: =refs!C14 -> 46 | F47: =IF(OR(C47="?",E47<=0), "?", ROUND(E47*(1+(B47+(10-C47))/30),1)) -> 61.3
A48: =refs!A14 -> Dumbbel rowing | B48: =refs!B14 -> 8 | C48: 8 | E48: =refs!C14 -> 46 | F48: =IF(OR(C48="?",E48<=0), "?", ROUND(E48*(1+(B48+(10-C48))/30),1)) -> 61.3
A49: =refs!A15 -> Hammer curl | B49: =refs!B15 -> 8 | C49: 8 | E49: =refs!C15 -> 26 | F49: =IF(OR(C49="?",E49<=0), "?", ROUND(E49*(1+(B49+(10-C49))/30),1)) -> 34.7
A50: =refs!A15 -> Hammer curl | B50: =refs!B15 -> 8 | C50: 8 | E50: =refs!C15 -> 26 | F50: =IF(OR(C50="?",E50<=0), "?", ROUND(E50*(1+(B50+(10-C50))/30),1)) -> 34.7
A51: =refs!A15 -> Hammer curl | B51: =refs!B15 -> 8 | C51: 8 | E51: =refs!C15 -> 26 | F51: =IF(OR(C51="?",E51<=0), "?", ROUND(E51*(1+(B51+(10-C51))/30),1)) -> 34.7
A52: =refs!A15 -> Hammer curl | B52: =refs!B15 -> 8 | C52: 8 | E52: =refs!C15 -> 26 | F52: =IF(OR(C52="?",E52<=0), "?", ROUND(E52*(1+(B52+(10-C52))/30),1)) -> 34.7
A54: =refs!C12 -> 14
A55: Exercice | B55: Reps | C55: RPE | D55: Percentage | E55: Load | F55: e1RM | G55: Part
A56: Close Grip Bench | B56: 4 | C56: 6 | D56: 79 | E56: =D56/100*refs!B4 -> 75.05 | F56: =IF(OR(C56="?",E56<=0), "?", ROUND(E56*(1+(B56+(10-C56))/30),1)) -> 95.1
A57: Close Grip Bench | B57: 4 | C57: 8 | D57: 84 | E57: =D57/100*refs!B4 -> 79.8 | F57: =IF(OR(C57="?",E57<=0), "?", ROUND(E57*(1+(B57+(10-C57))/30),1)) -> 95.8
A58: Close Grip Bench | B58: 4 | C58: 7 | D58: 78 | E58: =D58/100*refs!B4 -> 74.1 | F58: =IF(OR(C58="?",E58<=0), "?", ROUND(E58*(1+(B58+(10-C58))/30),1)) -> 91.4
A59: Close Grip Bench | B59: 4 | C59: ? | D59: 78 | E59: =D59/100*refs!B4 -> 74.1 | F59: =IF(OR(C59="?",E59<=0), "?", ROUND(E59*(1+(B59+(10-C59))/30),1)) -> ?
A60: Close Grip Bench | B60: 8 | C60: 8 | D60: 74 | E60: =D60/100*refs!B4 -> 70.3 | F60: =IF(OR(C60="?",E60<=0), "?", ROUND(E60*(1+(B60+(10-C60))/30),1)) -> 93.7
A61: Close Grip Bench | B61: 8 | C61: 8 | D61: 74 | E61: =D61/100*refs!B4 -> 70.3 | F61: =IF(OR(C61="?",E61<=0), "?", ROUND(E61*(1+(B61+(10-C61))/30),1)) -> 93.7
A62: Deadlift | B62: 1 | C62: 6 | D62: 87 | E62: =D62/100*refs!B5 -> 195.75 | F62: =IF(OR(C62="?",E62<=0), "?", ROUND(E62*(1+(B62+(10-C62))/30),1)) -> 228.4
A63: Deadlift | B63: 1 | C63: 8 | D63: 93 | E63: =D63/100*refs!B5 -> 209.25 | F63: =IF(OR(C63="?",E63<=0), "?", ROUND(E63*(1+(B63+(10-C63))/30),1)) -> 230.2
A64: Deadlift | B64: 5 | C64: 8 | D64: 82 | E64: =D64/100*refs!B5 -> 184.5 | F64: =IF(OR(C64="?",E64<=0), "?", ROUND(E64*(1+(B64+(10-C64))/30),1)) -> 227.6
A65: Deadlift | B65: 5 | C65: ? | D65: 73 | E65: =D65/100*refs!B5 -> 164.25 | F65: =IF(OR(C65="?",E65<=0), "?", ROUND(E65*(1+(B65+(10-C65))/30),1)) -> ?
A66: Deadlift | B66: 5 | C66: ? | D66: 73 | E66: =D66/100*refs!B5 -> 164.25 | F66: =IF(OR(C66="?",E66<=0), "?", ROUND(E66*(1+(B66+(10-C66))/30),1)) -> ?
A67: =refs!A10 -> Pull-ups | B67: =refs!B10 -> 5 | C67: 8 | E67: =refs!C10 -> 0 | F67: =IF(OR(C67="?",E67<=0), "?", ROUND(E67*(1+(B67+(10-C67))/30),1)) -> ?
A68: =refs!A10 -> Pull-ups | B68: =refs!B10 -> 5 | C68: 8 | E68: =refs!C10 -> 0 | F68: =IF(OR(C68="?",E68<=0), "?", ROUND(E68*(1+(B68+(10-C68))/30),1)) -> ?
A69: =refs!A10 -> Pull-ups | B69: =refs!B10 -> 5 | C69: 8 | E69: =refs!C10 -> 0 | F69: =IF(OR(C69="?",E69<=0), "?", ROUND(E69*(1+(B69+(10-C69))/30),1)) -> ?
A70: =refs!A10 -> Pull-ups | B70: =refs!B10 -> 5 | C70: 8 | E70: =refs!C10 -> 0 | F70: =IF(OR(C70="?",E70<=0), "?", ROUND(E70*(1+(B70+(10-C70))/30),1)) -> ?
A71: =refs!A11 -> Dips | B71: =refs!B11 -> 8 | C71: 8 | E71: =refs!C11 -> 0 | F71: =IF(OR(C71="?",E71<=0), "?", ROUND(E71*(1+(B71+(10-C71))/30),1)) -> ?
A72: =refs!A11 -> Dips | B72: =refs!B11 -> 8 | C72: 8 | E72: =refs!C11 -> 0 | F72: =IF(OR(C72="?",E72<=0), "?", ROUND(E72*(1+(B72+(10-C72))/30),1)) -> ?
A73: =refs!A11 -> Dips | B73: =refs!B11 -> 8 | C73: 8 | E73: =refs!C11 -> 0 | F73: =IF(OR(C73="?",E73<=0), "?", ROUND(E73*(1+(B73+(10-C73))/30),1)) -> ?
A74: =refs!A11 -> Dips | B74: =refs!B11 -> 8 | C74: 8 | E74: =refs!C11 -> 0 | F74: =IF(OR(C74="?",E74<=0), "?", ROUND(E74*(1+(B74+(10-C74))/30),1)) -> ?
A75: =refs!A12 -> Lateral raises | B75: =refs!B12 -> 15 | C75: 8 | E75: =refs!C12 -> 14 | F75: =IF(OR(C75="?",E75<=0), "?", ROUND(E75*(1+(B75+(10-C75))/30),1)) -> 21.9 | G75: 2
A76: =refs!A12 -> Lateral raises | B76: =refs!B12 -> 15 | C76: 8 | E76: =refs!C12 -> 14 | F76: =IF(OR(C76="?",E76<=0), "?", ROUND(E76*(1+(B76+(10-C76))/30),1)) -> 21.9
A77: =refs!A12 -> Lateral raises | B77: =refs!B12 -> 15 | C77: 8 | E77: =refs!C12 -> 14 | F77: =IF(OR(C77="?",E77<=0), "?", ROUND(E77*(1+(B77+(10-C77))/30),1)) -> 21.9
A78: =refs!A12 -> Lateral raises | B78: =refs!B12 -> 15 | C78: 8 | E78: =refs!C12 -> 14 | F78: =IF(OR(C78="?",E78<=0), "?", ROUND(E78*(1+(B78+(10-C78))/30),1)) -> 21.9
A79: =refs!A13 -> Strict curl | B79: =refs!B13 -> 15 | C79: 8 | E79: =refs!C13 -> 14 | F79: =IF(OR(C79="?",E79<=0), "?", ROUND(E79*(1+(B79+(10-C79))/30),1)) -> 21.9
A80: =refs!A13 -> Strict curl | B80: =refs!B13 -> 15 | C80: 8 | E80: =refs!C13 -> 14 | F80: =IF(OR(C80="?",E80<=0), "?", ROUND(E80*(1+(B80+(10-C80))/30),1)) -> 21.9
A81: =refs!A13 -> Strict curl | B81: =refs!B13 -> 15 | C81: 8 | E81: =refs!C13 -> 14 | F81: =IF(OR(C81="?",E81<=0), "?", ROUND(E81*(1+(B81+(10-C81))/30),1)) -> 21.9
A82: =refs!A13 -> Strict curl | B82: =refs!B13 -> 15 | C82: 8 | E82: =refs!C13 -> 14 | F82: =IF(OR(C82="?",E82<=0), "?", ROUND(E82*(1+(B82+(10-C82))/30),1)) -> 21.9
A84: WEEK 2 DAY 4
A85: Exercice | B85: Reps | C85: RPE | D85: Percentage | E85: Load | F85: e1RM | G85: Part
A86: Squat | B86: 1 | C86: 6 | D86: 87 | E86: =D86/100*refs!B3 -> 104.4 | F86: =IF(OR(C86="?",E86<=0), "?", ROUND(E86*(1+(B86+(10-C86))/30),1)) -> 121.8 | G86: 1
A87: Squat | B87: 1 | C87: 8 | D87: 93 | E87: =D87/100*refs!B3 -> 111.6 | F87: =IF(OR(C87="?",E87<=0), "?", ROUND(E87*(1+(B87+(10-C87))/30),1)) -> 122.8
A88: Squat | B88: 7 | C88: 8 | D88: 78 | E88: =D88/100*refs!B3 -> 93.6 | F88: =IF(OR(C88="?",E88<=0), "?", ROUND(E88*(1+(B88+(10-C88))/30),1)) -> 121.7
A89: Squat | B89: 7 | C89: ? | D89: 69 | E89: =D89/100*refs!B3 -> 82.8 | F89: =IF(OR(C89="?",E89<=0), "?", ROUND(E89*(1+(B89+(10-C89))/30),1)) -> ?
A90: Squat | B90: 7 | C90: ? | D90: 69 | E90: =D90/100*refs!B3 -> 82.8 | F90: =IF(OR(C90="?",E90<=0), "?", ROUND(E90*(1+(B90+(10-C90))/30),1)) -> ?
A91: Bench | B91: 1 | C91: 6 | D91: 87 | E91: =D91/100*refs!B4 -> 82.65 | F91: =IF(OR(C91="?",E91<=0), "?", ROUND(E91*(1+(B91+(10-C91))/30),1)) -> 96.4
A92: Bench | B92: 1 | C92: 8 | D92: 93 | E92: =D92/100*refs!B4 -> 88.35 | F92: =IF(OR(C92="?",E92<=0), "?", ROUND(E92*(1+(B92+(10-C92))/30),1)) -> 97.2
A93: Bench | B93: 5 | C93: 8 | D93: 82 | E93: =D93/100*refs!B4 -> 77.9 | F93: =IF(OR(C93="?",E93<=0), "?", ROUND(E93*(1+(B93+(10-C93))/30),1)) -> 96.1
A94: Larsen press | B94: 5 | C94: 8 | D94: 82 | E94: =D94/100*refs!B4 -> 77.9 | F94: =IF(OR(C94="?",E94<=0), "?", ROUND(E94*(1+(B94+(10-C94))/30),1)) -> 96.1
A95: Larsen press | B95: 5 | C95: 8 | D95: 82 | E95: =D95/100*refs!B4 -> 77.9 | F95: =IF(OR(C95="?",E95<=0), "?", ROUND(E95*(1+(B95+(10-C95))/30),1)) -> 96.1
A96: =refs!A14 -> Dumbbel rowing | B96: =refs!B14 -> 8 | C96: 8 | E96: =refs!C14 -> 46 | F96: =IF(OR(C96="?",E96<=0), "?", ROUND(E96*(1+(B96+(10-C96))/30),1)) -> 61.3
A97: =refs!A14 -> Dumbbel rowing | B97: =refs!B14 -> 8 | C97: 8 | E97: =refs!C14 -> 46 | F97: =IF(OR(C97="?",E97<=0), "?", ROUND(E97*(1+(B97+(10-C97))/30),1)) -> 61.3
A98: =refs!A14 -> Dumbbel rowing | B98: =refs!B14 -> 8 | C98: 8 | E98: =refs!C14 -> 46 | F98: =IF(OR(C98="?",E98<=0), "?", ROUND(E98*(1+(B98+(10-C98))/30),1)) -> 61.3
A99: =refs!A14 -> Dumbbel rowing | B99: =refs!B14 -> 8 | C99: 8 | E99: =refs!C14 -> 46 | F99: =IF(OR(C99="?",E99<=0), "?", ROUND(E99*(1+(B99+(10-C99))/30),1)) -> 61.3
A100: =refs!A15 -> Hammer curl | B100: =refs!B15 -> 8 | C100: 8 | E100: =refs!C15 -> 26 | F100: =IF(OR(C100="?",E100<=0), "?", ROUND(E100*(1+(B100+(10-C100))/30),1)) -> 34.7
A101: =refs!A15 -> Hammer curl | B101: =refs!B15 -> 8 | C101: 8 | E101: =refs!C15 -> 26 | F101: =IF(OR(C101="?",E101<=0), "?", ROUND(E101*(1+(B101+(10-C101))/30),1)) -> 34.7
A102: =refs!A15 -> Hammer curl | B102: =refs!B15 -> 8 | C102: 8 | E102: =refs!C15 -> 26 | F102: =IF(OR(C102="?",E102<=0), "?", ROUND(E102*(1+(B102+(10-C102))/30),1)) -> 34.7
A103: =refs!A15 -> Hammer curl | B103: =refs!B15 -> 8 | C103: 8 | E103: =refs!C15 -> 26 | F103: =IF(OR(C103="?",E103<=0), "?", ROUND(E103*(1+(B103+(10-C103))/30),1)) -> 34.7

Sheet week 3
A1: WEEK 3 DAY 1
A2: Exercice | B2: Reps | C2: RPE | D2: Percentage | E2: Load | F2: e1RM | G2: Part
A3: 2CT Paused Bench | B3: 3 | C3: 5 | D3: 79 | E3: =D3/100*refs!B4 -> 75.05 | F3: =IF(OR(C3="?",E3<=0), "?", ROUND(E3*(1+(B3+(10-C3))/30),1)) -> 95.1
A4: 2CT Paused Bench | B4: 3 | C4: 7 | D4: 84 | E4: =D4/100*refs!B4 -> 79.8 | F4: =IF(OR(C4="?",E4<=0), "?", ROUND(E4*(1+(B4+(10-C4))/30),1)) -> 95.8
A5: 2CT Paused Bench | B5: 3 | C5: 9 | D5: 90 | E5: =D5/100*refs!B4 -> 85.5 | F5: =IF(OR(C5="?",E5<=0), "?", ROUND(E5*(1+(B5+(10-C5))/30),1)) -> 96.9
A6: 2CT Paused Bench | B6: 3 | C6: ? | D6: 82 | E6: =D6/100*refs!B4 -> 77.9 | F6: =IF(OR(C6="?",E6<=0), "?", ROUND(E6*(1+(B6+(10-C6))/30),1)) -> ?
A7: 2CT Paused Bench | B7: 3 | C7: ? | D7: 78 | E7: =D7/100*refs!B4 -> 74.1 | F7: =IF(OR(C7="?",E7<=0), "?", ROUND(E7*(1+(B7+(10-C7))/30),1)) -> ?
A8: Deadlift | B8: 3 | C8: 5 | D8: 79 | E8: =D8/100*refs!B5 -> 177.75 | F8: =IF(OR(C8="?",E8<=0), "?", ROUND(E8*(1+(B8+(10-C8))/30),1)) -> 225.2
A9: Deadlift | B9: 3 | C9: 7 | D9: 85 | E9: =D9/100*refs!B5 -> 191.25 | F9: =IF(OR(C9="?",E9<=0), "?", ROUND(E9*(1+(B9+(10-C9))/30),1)) -> 229.5
A10: Deadlift | B10: 3 | C10: 9 | D10: 90 | E10: =D10/100*refs!B5 -> 202.5 | F10: =IF(OR(C10="?",E10<=0), "?", ROUND(E10*(1+(B10+(10-C10))/30),1)) -> 229.5
A11: Paused deadlift | B11: 3 | C11: 6 | D11: 75 | E11: =D11/100*refs!B5 -> 168.75 | F11: =IF(OR(C11="?",E11<=0), "?", ROUND(E11*(1+(B11+(10-C11))/30),1)) -> 208.1
A12: Paused deadlift | B12: 3 | C12: 8 | D12: 81 | E12: =D12/100*refs!B5 -> 182.25 | F12: =IF(OR(C12="?",E12<=0), "?", ROUND(E12*(1+(B12+(10-C12))/30),1)) -> 212.6
A13: Paused deadlift | B13: 3 | C13: 6 | D13: 75 | E13: =D13/100*refs!B5 -> 168.75 | F13: =IF(OR(C13="?",E13<=0), "?", ROUND(E13*(1+(B13+(10-C13))/30),1)) -> 208.1
A14: =refs!A10 -> Pull-ups | B14: =refs!B10 -> 5 | C14: 8 | E14: =refs!C10 -> 0 | F14: =IF(OR(C14="?",E14<=0), "?", ROUND(E14*(1+(B14+(10-C14))/30),1)) -> ?
A15: =refs!A10 -> Pull-ups | B15: =refs!B10 -> 5 | C15: 8 | E15: =refs!C10 -> 0 | F15: =IF(OR(C15="?",E15<=0), "?", ROUND(E15*(1+(B15+(10-C15))/30),1)) -> ?
A16: =refs!A10 -> Pull-ups | B16: =refs!B10 -> 5 | C16: 8 | E16: =refs!C10 -> 0 | F16: =IF(OR(C16="?",E16<=0), "?", ROUND(E16*(1+(B16+(10-C16))/30),1)) -> ?
A17: =refs!A10 -> Pull-ups | B17: =refs!B10 -> 5 | C17: 8 | E17: =refs!C10 -> 0 | F17: =IF(OR(C17="?",E17<=0), "?", ROUND(E17*(1+(B17+(10-C17))/30),1)) -> ?
A18: =refs!A11 -> Dips | B18: =refs!B11 -> 8 | C18: 8 | E18: =refs!C11 -> 0 | F18: =IF(OR(C18="?",E18<=0), "?", ROUND(E18*(1+(B18+(10-C18))/30),1)) -> ?
A19: =refs!A11 -> Dips | B19: =refs!B11 -> 8 | C19: 8 | E19: =refs!C11 -> 0 | F19: =IF(OR(C19="?",E19<=0), "?", ROUND(E19*(1+(B19+(10-C19))/30),1)) -> ?
A20: =refs!A11 -> Dips | B20: =refs!B11 -> 8 | C20: 8 | E20: =refs!C11 -> 0 | F20: =IF(OR(C20="?",E20<=0), "?", ROUND(E20*(1+(B20+(10-C20))/30),1)) -> ?
A21: =refs!A11 -> Dips | B21: =refs!B11 -> 8 | C21: 8 | E21: =refs!C11 -> 0 | F21: =IF(OR(C21="?",E21<=0), "?", ROUND(E21*(1+(B21+(10-C21))/30),1)) -> ?
A22: =refs!A12 -> Lateral raises | B22: =refs!B12 -> 15 | C22: 8 | E22: =refs!C12 -> 14 | F22: =IF(OR(C22="?",E22<=0), "?", ROUND(E22*(1+(B22+(10-C22))/30),1)) -> 21.9 | G22: 2
A23: =refs!A12 -> Lateral raises | B23: =refs!B12 -> 15 | C23: 8 | E23: =refs!C12 -> 14 | F23: =IF(OR(C23="?",E23<=0), "?", ROUND(E23*(1+(B23+(10-C23))/30),1)) -> 21.9
A24: =refs!A12 -> Lateral raises | B24: =refs!B12 -> 15 | C24: 8 | E24: =refs!C12 -> 14 | F24: =IF(OR(C24="?",E24<=0), "?", ROUND(E24*(1+(B24+(10-C24))/30),1)) -> 21.9
A25: =refs!A12 -> Lateral raises | B25: =refs!B12 -> 15 | C25: 8 | E25: =refs!C12 -> 14 | F25: =IF(OR(C25="?",E25<=0), "?", ROUND(E25*(1+(B25+(10-C25))/30),1)) -> 21.9
A26: =refs!A13 -> Strict curl | B26: =refs!B13 -> 15 | C26: 8 | E26: =refs!C13 -> 14 | F26: =IF(OR(C26="?",E26<=0), "?", ROUND(E26*(1+(B26+(10-C26))/30),1)) -> 21.9
A27: =refs!A13 -> Strict curl | B27: =refs!B13 -> 15 | C27: 8 | E27: =refs!C13 -> 14 | F27: =IF(OR(C27="?",E27<=0), "?", ROUND(E27*(1+(B27+(10-C27))/30),1)) -> 21.9
A28: =refs!A13 -> Strict curl | B28: =refs!B13 -> 15 | C28: 8 | E28: =refs!C13 -> 14 | F28: =IF(OR(C28="?",E28<=0), "?", ROUND(E28*(1+(B28+(10-C28))/30),1)) -> 21.9
A29: =refs!A13 -> Strict curl | B29: =refs!B13 -> 15 | C29: 8 | E29: =refs!C13 -> 14 | F29: =IF(OR(C29="?",E29<=0), "?", ROUND(E29*(1+(B29+(10-C29))/30),1)) -> 21.9
A31: WEEK 3 DAY 2
A32: Exercice | B32: Reps | C32: RPE | D32: Percentage | E32: Load | F32: e1RM | G32: Part
A33: Squat | B33: 3 | C33: 5 | D33: 79 | E33: =D33/100*refs!B3 -> 94.8 | F33: =IF(OR(C33="?",E33<=0), "?", ROUND(E33*(1+(B33+(10-C33))/30),1)) -> 120.1 | G33: 1
A34: Squat | B34: 3 | C34: 7 | D34: 84 | E34: =D34/100*refs!B3 -> 100.8 | F34: =IF(OR(C34="?",E34<=0), "?", ROUND(E34*(1+(B34+(10-C34))/30),1)) -> 121
A35: Squat | B35: 3 | C35: 9 | D35: 90 | E35: =D35/100*refs!B3 -> 108 | F35: =IF(OR(C35="?",E35<=0), "?", ROUND(E35*(1+(B35+(10-C35))/30),1)) -> 122.4
A36: Tempo squat 3:1:3 | B36: 5 | C36: 7 | D36: 77 | E36: =D36/100*refs!B3 -> 92.4 | F36: =IF(OR(C36="?",E36<=0), "?", ROUND(E36*(1+(B36+(10-C36))/30),1)) -> 117
A37: Tempo squat 3:1:3 | B37: 5 | C37: 7 | D37: 77 | E37: =D37/100*refs!B3 -> 92.4 | F37: =IF(OR(C37="?",E37<=0), "?", ROUND(E37*(1+(B37+(10-C37))/30),1)) -> 117
A38: Tempo squat 3:1:3 | B38: 5 | C38: 7 | D38: 77 | E38: =D38/100*refs!B3 -> 92.4 | F38: =IF(OR(C38="?",E38<=0), "?", ROUND(E38*(1+(B38+(10-C38))/30),1)) -> 117
A39: Bench | B39: 7 | C39: 6 | D39: 71 | E39: =D39/100*refs!B4 -> 67.45 | F39: =IF(OR(C39="?",E39<=0), "?", ROUND(E39*(1+(B39+(10-C39))/30),1)) -> 92.2
A40: Bench | B40: 7 | C40: 8 | D40: 77 | E40: =D40/100*refs!B4 -> 73.15 | F40: =IF(OR(C40="?",E40<=0), "?", ROUND(E40*(1+(B40+(10-C40))/30),1)) -> 95.1
A41: Bench | B41: 7 | C41: ? | D41: 71 | E41: =D41/100*refs!B4 -> 67.45 | F41: =IF(OR(C41="?",E41<=0), "?", ROUND(E41*(1+(B41+(10-C41))/30),1)) -> ?
A42: Bench | B42: 7 | C42: ? | D42: 66 | E42: =D42/100*refs!B4 -> 62.7 | F42: =IF(OR(C42="?",E42<=0), "?", ROUND(E42*(1+(B42+(10-C42))/30),1)) -> ?
A43: Bench | B43: 7 | C43: ? | D43: 66 | E43: =D43/100*refs!B4 -> 62.7 | F43: =IF(OR(C43="?",E43<=0), "?", ROUND(E43*(1+(B43+(10-C43))/30),1)) -> ?
A44: =refs!A14 -> Dumbbel rowing | B44: =refs!B14 -> 8 | C44: 8 | E44: =refs!C14 -> 46 | F44: =IF(OR(C44="?",E44<=0), "?", ROUND(E44*(1+(B44+(10-C44))/30),1)) -> 61.3
A45: =refs!A14 -> Dumbbel rowing | B45: =refs!B14 -> 8 | C45: 8 | E45: =refs!C14 -> 46 | F45: =IF(OR(C45="?",E45<=0), "?", ROUND(E45*(1+(B45+(10-C45))/30),1)) -> 61.3
A46: =refs!A14 -> Dumbbel rowing | B46: =refs!B14 -> 8 | C46: 8 | E46: =refs!C14 -> 46 | F46: =IF(OR(C46="?",E46<=0), "?", ROUND(E46*(1+(B46+(10-C46))/30),1)) -> 61.3
A47: =refs!A14 -> Dumbbel rowing | B47: =refs!B14 -> 8 | C47: 8 | E47: =refs!C14 -> 46 | F47: =IF(OR(C47="?",E47<=0), "?", ROUND(E47*(1+(B47+(10-C47))/30),1)) -> 61.3
A48: =refs!A15 -> Hammer curl | B48: =refs!B15 -> 8 | C48: 8 | E48: =refs!C15 -> 26 | F48: =IF(OR(C48="?",E48<=0), "?", ROUND(E48*(1+(B48+(10-C48))/30),1)) -> 34.7
A49: =refs!A15 -> Hammer curl | B49: =refs!B15 -> 8 | C49: 8 | E49: =refs!C15 -> 26 | F49: =IF(OR(C49="?",E49<=0), "?", ROUND(E49*(1+(B49+(10-C49))/30),1)) -> 34.7
A50: =refs!A15 -> Hammer curl | B50: =refs!B15 -> 8 | C50: 8 | E50: =refs!C15 -> 26 | F50: =IF(OR(C50="?",E50<=0), "?", ROUND(E50*(1+(B50+(10-C50))/30),1)) -> 34.7
A51: =refs!A15 -> Hammer curl | B51: =refs!B15 -> 8 | C51: 8 | E51: =refs!C15 -> 26 | F51: =IF(OR(C51="?",E51<=0), "?", ROUND(E51*(1+(B51+(10-C51))/30),1)) -> 34.7
A53: WEEK 3 DAY 3
A54: Exercice | B54: Reps | C54: RPE | D54: Percentage | E54: Load | F54: e1RM | G54: Part
A55: Close Grip Bench | B55: 4 | C55: 5 | D55: 77 | E55: =D55/100*refs!B4 -> 73.15 | F55: =IF(OR(C55="?",E55<=0), "?", ROUND(E55*(1+(B55+(10-C55))/30),1)) -> 95.1 | G55: 1
A56: Close Grip Bench | B56: 4 | C56: 8 | D56: 81 | E56: =D56/100*refs!B4 -> 76.95 | F56: =IF(OR(C56="?",E56<=0), "?", ROUND(E56*(1+(B56+(10-C56))/30),1)) -> 92.3
A57: Close Grip Bench | B57: 8 | C57: 7 | D57: 71 | E57: =D57/100*refs!B4 -> 67.45 | F57: =IF(OR(C57="?",E57<=0), "?", ROUND(E57*(1+(B57+(10-C57))/30),1)) -> 92.2
A58: Close Grip Bench | B58: 8 | C58: 7 | D58: 71 | E58: =D58/100*refs!B4 -> 67.45 | F58: =IF(OR(C58="?",E58<=0), "?", ROUND(E58*(1+(B58+(10-C58))/30),1)) -> 92.2
A59: Deadlift | B59: 1 | C59: 6 | D59: 87 | E59: =D59/100*refs!B5 -> 195.75 | F59: =IF(OR(C59="?",E59<=0), "?", ROUND(E59*(1+(B59+(10-C59))/30),1)) -> 228.4
A60: Deadlift | B60: 1 | C60: 8 | D60: 93 | E60: =D60/100*refs!B5 -> 209.25 | F60: =IF(OR(C60="?",E60<=0), "?", ROUND(E60*(1+(B60+(10-C60))/30),1)) -> 230.2
A61: Deadlift | B61: 1 | C61: 9 | D61: 96 | E61: =D61/100*refs!B5 -> 216 | F61: =IF(OR(C61="?",E61<=0), "?", ROUND(E61*(1+(B61+(10-C61))/30),1)) -> 230.4
A62: Deadlift | B62: 5 | C62: 6 | D62: 76 | E62: =D62/100*refs!B5 -> 171 | F62: =IF(OR(C62="?",E62<=0), "?", ROUND(E62*(1+(B62+(10-C62))/30),1)) -> 222.3
A63: Deadlift | B63: 5 | C63: 6 | D63: 76 | E63: =D63/100*refs!B5 -> 171 | F63: =IF(OR(C63="?",E63<=0), "?", ROUND(E63*(1+(B63+(10-C63))/30),1)) -> 222.3
A64: Deadlift | B64: 5 | C64: 6 | D64: 76 | E64: =D64/100*refs!B5 -> 171 | F64: =IF(OR(C64="?",E64<=0), "?", ROUND(E64*(1+(B64+(10-C64))/30),1)) -> 222.3
A65: =refs!A10 -> Pull-ups | B65: =refs!B10 -> 5 | C65: 8 | E65: =refs!C10 -> 0 | F65: =IF(OR(C65="?",E65<=0), "?", ROUND(E65*(1+(B65+(10-C65))/30),1)) -> ?
A66: =refs!A10 -> Pull-ups | B66: =refs!B10 -> 5 | C66: 8 | E66: =refs!C10 -> 0 | F66: =IF(OR(C66="?",E66<=0), "?", ROUND(E66*(1+(B66+(10-C66))/30),1)) -> ?
A67: =refs!A10 -> Pull-ups | B67: =refs!B10 -> 5 | C67: 8 | E67: =refs!C10 -> 0 | F67: =IF(OR(C67="?",E67<=0), "?", ROUND(E67*(1+(B67+(10-C67))/30),1)) -> ?
A68: =refs!A10 -> Pull-ups | B68: =refs!B10 -> 5 | C68: 8 | E68: =refs!C10 -> 0 | F68: =IF(OR(C68="?",E68<=0), "?", ROUND(E68*(1+(B68+(10-C68))/30),1)) -> ?
A69: =refs!A11 -> Dips | B69: =refs!B11 -> 8 | C69: 8 | E69: =refs!C11 -> 0 | F69: =IF(OR(C69="?",E69<=0), "?", ROUND(E69*(1+(B69+(10-C69))/30),1)) -> ?
A70: =refs!A11 -> Dips | B70: =refs!B11 -> 8 | C70: 8 | E70: =refs!C11 -> 0 | F70: =IF(OR(C70="?",E70<=0), "?", ROUND(E70*(1+(B70+(10-C70))/30),1)) -> ?
A71: =refs!A11 -> Dips | B71: =refs!B11 -> 8 | C71: 8 | E71: =refs!C11 -> 0 | F71: =IF(OR(C71="?",E71<=0), "?", ROUND(E71*(1+(B71+(10-C71))/30),1)) -> ?
A72: =refs!A11 -> Dips | B72: =refs!B11 -> 8 | C72: 8 | E72: =refs!C11 -> 0 | F72: =IF(OR(C72="?",E72<=0), "?", ROUND(E72*(1+(B72+(10-C72))/30),1)) -> ?
A73: =refs!A12 -> Lateral raises | B73: =refs!B12 -> 15 | C73: 8 | E73: =refs!C12 -> 14 | F73: =IF(OR(C73="?",E73<=0), "?", ROUND(E73*(1+(B73+(10-C73))/30),1)) -> 21.9 | G73: 2
A74: =refs!A12 -> Lateral raises | B74: =refs!B12 -> 15 | C74: 8 | E74: =refs!C12 -> 14 | F74: =IF(OR(C74="?",E74<=0), "?", ROUND(E74*(1+(B74+(10-C74))/30),1)) -> 21.9
A75: =refs!A12 -> Lateral raises | B75: =refs!B12 -> 15 | C75: 8 | E75: =refs!C12 -> 14 | F75: =IF(OR(C75="?",E75<=0), "?", ROUND(E75*(1+(B75+(10-C75))/30),1)) -> 21.9
A76: =refs!A12 -> Lateral raises | B76: =refs!B12 -> 15 | C76: 8 | E76: =refs!C12 -> 14 | F76: =IF(OR(C76="?",E76<=0), "?", ROUND(E76*(1+(B76+(10-C76))/30),1)) -> 21.9
A77: =refs!A13 -> Strict curl | B77: =refs!B13 -> 15 | C77: 8 | E77: =refs!C13 -> 14 | F77: =IF(OR(C77="?",E77<=0), "?", ROUND(E77*(1+(B77+(10-C77))/30),1)) -> 21.9
A78: =refs!A13 -> Strict curl | B78: =refs!B13 -> 15 | C78: 8 | E78: =refs!C13 -> 14 | F78: =IF(OR(C78="?",E78<=0), "?", ROUND(E78*(1+(B78+(10-C78))/30),1)) -> 21.9
A79: =refs!A13 -> Strict curl | B79: =refs!B13 -> 15 | C79: 8 | E79: =refs!C13 -> 14 | F79: =IF(OR(C79="?",E79<=0), "?", ROUND(E79*(1+(B79+(10-C79))/30),1)) -> 21.9
A80: =refs!A13 -> Strict curl | B80: =refs!B13 -> 15 | C80: 8 | E80: =refs!C13 -> 14 | F80: =IF(OR(C80="?",E80<=0), "?", ROUND(E80*(1+(B80+(10-C80))/30),1)) -> 21.9
A82: WEEK 3 DAY 4
A83: Exercice | B83: Reps | C83: RPE | D83: Percentage | E83: Load | F83: e1RM | G83: Part
A84: Squat | B84: 1 | C84: 6 | D84: 87 | E84: =D84/100*refs!B3 -> 104.4 | F84: =IF(OR(C84="?",E84<=0), "?", ROUND(E84*(1+(B84+(10-C84))/30),1)) -> 121.8 | G84: 1
A85: Squat | B85: 1 | C85: 8 | D85: 93 | E85: =D85/100*refs!B3 -> 111.6 | F85: =IF(OR(C85="?",E85<=0), "?", ROUND(E85*(1+(B85+(10-C85))/30),1)) -> 122.8
A86: Squat | B86: 1 | C86: 9 | D86: 96 | E86: =D86/100*refs!B3 -> 115.2 | F86: =IF(OR(C86="?",E86<=0), "?", ROUND(E86*(1+(B86+(10-C86))/30),1)) -> 122.9
A87: Squat | B87: 7 | C87: 8 | D87: 78 | E87: =D87/100*refs!B3 -> 93.6 | F87: =IF(OR(C87="?",E87<=0), "?", ROUND(E87*(1+(B87+(10-C87))/30),1)) -> 121.7
A88: Squat | B88: 7 | C88: ? | D88: 69 | E88: =D88/100*refs!B3 -> 82.8 | F88: =IF(OR(C88="?",E88<=0), "?", ROUND(E88*(1+(B88+(10-C88))/30),1)) -> ?
A89: Bench | B89: 1 | C89: 6 | D89: 87 | E89: =D89/100*refs!B4 -> 82.65 | F89: =IF(OR(C89="?",E89<=0), "?", ROUND(E89*(1+(B89+(10-C89))/30),1)) -> 96.4
A90: Bench | B90: 1 | C90: 8 | D90: 93 | E90: =D90/100*refs!B4 -> 88.35 | F90: =IF(OR(C90="?",E90<=0), "?", ROUND(E90*(1+(B90+(10-C90))/30),1)) -> 97.2
A91: Bench | B91: 1 | C91: 9 | D91: 96 | E91: =D91/100*refs!B4 -> 91.2 | F91: =IF(OR(C91="?",E91<=0), "?", ROUND(E91*(1+(B91+(10-C91))/30),1)) -> 97.3
A92: Larsen press | B92: 5 | C92: 8 | D92: 82 | E92: =D92/100*refs!B4 -> 77.9 | F92: =IF(OR(C92="?",E92<=0), "?", ROUND(E92*(1+(B92+(10-C92))/30),1)) -> 96.1
A93: Larsen press | B93: 5 | C93: ? | D93: 82 | E93: =D93/100*refs!B4 -> 77.9 | F93: =IF(OR(C93="?",E93<=0), "?", ROUND(E93*(1+(B93+(10-C93))/30),1)) -> ?
A94: =refs!A14 -> Dumbbel rowing | B94: =refs!B65 | C94: 8 | E94: =refs!C14 -> 46 | F94: =IF(OR(C94="?",E94<=0), "?", ROUND(E94*(1+(B94+(10-C94))/30),1)) -> 49.1
A95: =refs!A14 -> Dumbbel rowing | B95: =refs!B65 | C95: 8 | E95: =refs!C14 -> 46 | F95: =IF(OR(C95="?",E95<=0), "?", ROUND(E95*(1+(B95+(10-C95))/30),1)) -> 49.1
A96: =refs!A14 -> Dumbbel rowing | B96: =refs!B65 | C96: 8 | E96: =refs!C14 -> 46 | F96: =IF(OR(C96="?",E96<=0), "?", ROUND(E96*(1+(B96+(10-C96))/30),1)) -> 49.1
A97: =refs!A14 -> Dumbbel rowing | B97: =refs!B65 | C97: 8 | E97: =refs!C14 -> 46 | F97: =IF(OR(C97="?",E97<=0), "?", ROUND(E97*(1+(B97+(10-C97))/30),1)) -> 49.1
A98: =refs!A15 -> Hammer curl | B98: =refs!B66 | C98: 8 | E98: =refs!C15 -> 26 | F98: =IF(OR(C98="?",E98<=0), "?", ROUND(E98*(1+(B98+(10-C98))/30),1)) -> 27.7
A99: =refs!A15 -> Hammer curl | B99: =refs!B66 | C99: 8 | E99: =refs!C15 -> 26 | F99: =IF(OR(C99="?",E99<=0), "?", ROUND(E99*(1+(B99+(10-C99))/30),1)) -> 27.7
A100: =refs!A15 -> Hammer curl | B100: =refs!B66 | C100: 8 | E100: =refs!C15 -> 26 | F100: =IF(OR(C100="?",E100<=0), "?", ROUND(E100*(1+(B100+(10-C100))/30),1)) -> 27.7
A101: =refs!A15 -> Hammer curl | B101: =refs!B66 | C101: 8 | E101: =refs!C15 -> 26 | F101: =IF(OR(C101="?",E101<=0), "?", ROUND(E101*(1+(B101+(10-C101))/30),1)) -> 27.7

Sheet week 4
A1: WEEK 4 DAY 1
A2: Exercice | B2: Reps | C2: RPE | D2: Percentage | E2: Load | G2: Part
A3: 2CT Paused Bench | B3: 3 | C3: 6 | D3: 82 | E3: =D3/100*refs!B4 -> 77.9 | F3: =IF(OR(C3="?",E3<=0), "?", ROUND(E3*(1+(B3+(10-C3))/30),1)) -> 96.1
A4: 2CT Paused Bench | B4: 3 | C4: 8 | D4: 87 | E4: =D4/100*refs!B4 -> 82.65 | F4: =IF(OR(C4="?",E4<=0), "?", ROUND(E4*(1+(B4+(10-C4))/30),1)) -> 96.4
A5: 2CT Paused Bench | B5: 3 | C5: ? | D5: 79 | E5: =D5/100*refs!B4 -> 75.05 | F5: =IF(OR(C5="?",E5<=0), "?", ROUND(E5*(1+(B5+(10-C5))/30),1)) -> ?
A6: 2CT Paused Bench | B6: 3 | C6: ? | D6: 75 | E6: =D6/100*refs!B4 -> 71.25 | F6: =IF(OR(C6="?",E6<=0), "?", ROUND(E6*(1+(B6+(10-C6))/30),1)) -> ?
A7: 2CT Paused Bench | B7: 3 | C7: ? | D7: 75 | E7: =D7/100*refs!B4 -> 71.25 | F7: =IF(OR(C7="?",E7<=0), "?", ROUND(E7*(1+(B7+(10-C7))/30),1)) -> ?
A8: Deadlift | B8: 3 | C8: 5 | D8: 79 | E8: =D8/100*refs!B5 -> 177.75 | F8: =IF(OR(C8="?",E8<=0), "?", ROUND(E8*(1+(B8+(10-C8))/30),1)) -> 225.2
A9: Deadlift | B9: 3 | C9: 7 | D9: 85 | E9: =D9/100*refs!B5 -> 191.25 | F9: =IF(OR(C9="?",E9<=0), "?", ROUND(E9*(1+(B9+(10-C9))/30),1)) -> 229.5
A10: Deadlift | B10: 3 | C10: 5 | D10: 79 | E10: =D10/100*refs!B5 -> 177.75 | F10: =IF(OR(C10="?",E10<=0), "?", ROUND(E10*(1+(B10+(10-C10))/30),1)) -> 225.2
A11: Paused deadlift | B11: 3 | C11: 6 | D11: 75 | E11: =D11/100*refs!B5 -> 168.75 | F11: =IF(OR(C11="?",E11<=0), "?", ROUND(E11*(1+(B11+(10-C11))/30),1)) -> 208.1
A12: Paused deadlift | B12: 3 | C12: 6 | D12: 75 | E12: =D12/100*refs!B5 -> 168.75 | F12: =IF(OR(C12="?",E12<=0), "?", ROUND(E12*(1+(B12+(10-C12))/30),1)) -> 208.1
A13: =refs!A10 -> Pull-ups | B13: =refs!B10 -> 5 | C13: 8 | E13: =refs!C10 -> 0 | F13: =IF(OR(C13="?",E13<=0), "?", ROUND(E13*(1+(B13+(10-C13))/30),1)) -> ?
A14: =refs!A10 -> Pull-ups | B14: =refs!B10 -> 5 | C14: 8 | E14: =refs!C10 -> 0 | F14: =IF(OR(C14="?",E14<=0), "?", ROUND(E14*(1+(B14+(10-C14))/30),1)) -> ?
A15: =refs!A10 -> Pull-ups | B15: =refs!B10 -> 5 | C15: 8 | E15: =refs!C10 -> 0 | F15: =IF(OR(C15="?",E15<=0), "?", ROUND(E15*(1+(B15+(10-C15))/30),1)) -> ?
A16: =refs!A10 -> Pull-ups | B16: =refs!B10 -> 5 | C16: 8 | E16: =refs!C10 -> 0 | F16: =IF(OR(C16="?",E16<=0), "?", ROUND(E16*(1+(B16+(10-C16))/30),1)) -> ?
A17: =refs!A11 -> Dips | B17: =refs!B11 -> 8 | C17: 8 | E17: =refs!C11 -> 0 | F17: =IF(OR(C17="?",E17<=0), "?", ROUND(E17*(1+(B17+(10-C17))/30),1)) -> ?
A18: =refs!A11 -> Dips | B18: =refs!B11 -> 8 | C18: 8 | E18: =refs!C11 -> 0 | F18: =IF(OR(C18="?",E18<=0), "?", ROUND(E18*(1+(B18+(10-C18))/30),1)) -> ?
A19: =refs!A11 -> Dips | B19: =refs!B11 -> 8 | C19: 8 | E19: =refs!C11 -> 0 | F19: =IF(OR(C19="?",E19<=0), "?", ROUND(E19*(1+(B19+(10-C19))/30),1)) -> ?
A20: =refs!A11 -> Dips | B20: =refs!B11 -> 8 | C20: 8 | E20: =refs!C11 -> 0 | F20: =IF(OR(C20="?",E20<=0), "?", ROUND(E20*(1+(B20+(10-C20))/30),1)) -> ?
A21: =refs!A12 -> Lateral raises | B21: =refs!B12 -> 15 | C21: 8 | E21: =refs!C12 -> 14 | F21: =IF(OR(C21="?",E21<=0), "?", ROUND(E21*(1+(B21+(10-C21))/30),1)) -> 21.9 | G21: 2
A22: =refs!A12 -> Lateral raises | B22: =refs!B12 -> 15 | C22: 8 | E22: =refs!C12 -> 14 | F22: =IF(OR(C22="?",E22<=0), "?", ROUND(E22*(1+(B22+(10-C22))/30),1)) -> 21.9
A23: =refs!A12 -> Lateral raises | B23: =refs!B12 -> 15 | C23: 8 | E23: =refs!C12 -> 14 | F23: =IF(OR(C23="?",E23<=0), "?", ROUND(E23*(1+(B23+(10-C23))/30),1)) -> 21.9
A24: =refs!A12 -> Lateral raises | B24: =refs!B12 -> 15 | C24: 8 | E24: =refs!C12 -> 14 | F24: =IF(OR(C24="?",E24<=0), "?", ROUND(E24*(1+(B24+(10-C24))/30),1)) -> 21.9
A25: =refs!A13 -> Strict curl | B25: =refs!B13 -> 15 | C25: 8 | E25: =refs!C13 -> 14 | F25: =IF(OR(C25="?",E25<=0), "?", ROUND(E25*(1+(B25+(10-C25))/30),1)) -> 21.9
A26: =refs!A13 -> Strict curl | B26: =refs!B13 -> 15 | C26: 8 | E26: =refs!C13 -> 14 | F26: =IF(OR(C26="?",E26<=0), "?", ROUND(E26*(1+(B26+(10-C26))/30),1)) -> 21.9
A27: =refs!A13 -> Strict curl | B27: =refs!B13 -> 15 | C27: 8 | E27: =refs!C13 -> 14 | F27: =IF(OR(C27="?",E27<=0), "?", ROUND(E27*(1+(B27+(10-C27))/30),1)) -> 21.9
A28: =refs!A13 -> Strict curl | B28: =refs!B13 -> 15 | C28: 8 | E28: =refs!C13 -> 14 | F28: =IF(OR(C28="?",E28<=0), "?", ROUND(E28*(1+(B28+(10-C28))/30),1)) -> 21.9
A30: =refs!B14 -> 8
A31: Exercice | B31: Reps | C31: RPE | D31: Percentage | E31: Load | F31: e1RM | G31: Part
A32: Squat | B32: 3 | C32: 5 | D32: 79 | E32: =D32/100*refs!B3 -> 94.8 | F32: =IF(OR(C32="?",E32<=0), "?", ROUND(E32*(1+(B32+(10-C32))/30),1)) -> 120.1 | G32: 1
A33: Squat | B33: 3 | C33: 7 | D33: 84 | E33: =D33/100*refs!B3 -> 100.8 | F33: =IF(OR(C33="?",E33<=0), "?", ROUND(E33*(1+(B33+(10-C33))/30),1)) -> 121
A34: Squat | B34: 3 | C34: 5 | D34: 79 | E34: =D34/100*refs!B3 -> 94.8 | F34: =IF(OR(C34="?",E34<=0), "?", ROUND(E34*(1+(B34+(10-C34))/30),1)) -> 120.1
A35: Tempo squat 3:1:3 | B35: 5 | C35: 7 | D35: 77 | E35: =D35/100*refs!B3 -> 92.4 | F35: =IF(OR(C35="?",E35<=0), "?", ROUND(E35*(1+(B35+(10-C35))/30),1)) -> 117
A36: Tempo squat 3:1:3 | B36: 5 | C36: 7 | D36: 77 | E36: =D36/100*refs!B3 -> 92.4 | F36: =IF(OR(C36="?",E36<=0), "?", ROUND(E36*(1+(B36+(10-C36))/30),1)) -> 117
A37: Bench | B37: 7 | C37: 6 | D37: 71 | E37: =D37/100*refs!B4 -> 67.45 | F37: =IF(OR(C37="?",E37<=0), "?", ROUND(E37*(1+(B37+(10-C37))/30),1)) -> 92.2
A38: Bench | B38: 7 | C38: 8 | D38: 77 | E38: =D38/100*refs!B4 -> 73.15 | F38: =IF(OR(C38="?",E38<=0), "?", ROUND(E38*(1+(B38+(10-C38))/30),1)) -> 95.1
A39: Bench | B39: 7 | C39: ? | D39: 71 | E39: =D39/100*refs!B4 -> 67.45 | F39: =IF(OR(C39="?",E39<=0), "?", ROUND(E39*(1+(B39+(10-C39))/30),1)) -> ?
A40: Bench | B40: 7 | C40: ? | D40: 66 | E40: =D40/100*refs!B4 -> 62.7 | F40: =IF(OR(C40="?",E40<=0), "?", ROUND(E40*(1+(B40+(10-C40))/30),1)) -> ?
A41: =refs!A14 -> Dumbbel rowing | B41: =refs!B14 -> 8 | C41: 8 | E41: =refs!C14 -> 46 | F41: =IF(OR(C41="?",E41<=0), "?", ROUND(E41*(1+(B41+(10-C41))/30),1)) -> 61.3
A42: =refs!A14 -> Dumbbel rowing | B42: =refs!B14 -> 8 | C42: 8 | E42: =refs!C14 -> 46 | F42: =IF(OR(C42="?",E42<=0), "?", ROUND(E42*(1+(B42+(10-C42))/30),1)) -> 61.3
A43: =refs!A14 -> Dumbbel rowing | B43: =refs!B14 -> 8 | C43: 8 | E43: =refs!C14 -> 46 | F43: =IF(OR(C43="?",E43<=0), "?", ROUND(E43*(1+(B43+(10-C43))/30),1)) -> 61.3
A44: =refs!A14 -> Dumbbel rowing | B44: =refs!B14 -> 8 | C44: 8 | E44: =refs!C14 -> 46 | F44: =IF(OR(C44="?",E44<=0), "?", ROUND(E44*(1+(B44+(10-C44))/30),1)) -> 61.3
A45: =refs!A15 -> Hammer curl | B45: =refs!B15 -> 8 | C45: 8 | E45: =refs!C15 -> 26 | F45: =IF(OR(C45="?",E45<=0), "?", ROUND(E45*(1+(B45+(10-C45))/30),1)) -> 34.7
A46: =refs!A15 -> Hammer curl | B46: =refs!B15 -> 8 | C46: 8 | E46: =refs!C15 -> 26 | F46: =IF(OR(C46="?",E46<=0), "?", ROUND(E46*(1+(B46+(10-C46))/30),1)) -> 34.7
A47: =refs!A15 -> Hammer curl | B47: =refs!B15 -> 8 | C47: 8 | E47: =refs!C15 -> 26 | F47: =IF(OR(C47="?",E47<=0), "?", ROUND(E47*(1+(B47+(10-C47))/30),1)) -> 34.7
A48: =refs!A15 -> Hammer curl | B48: =refs!B15 -> 8 | C48: 8 | E48: =refs!C15 -> 26 | F48: =IF(OR(C48="?",E48<=0), "?", ROUND(E48*(1+(B48+(10-C48))/30),1)) -> 34.7
A50: WEEK 4 DAY 3
A51: Exercice | B51: Reps | C51: RPE | D51: Percentage | E51: Load | F51: e1RM | G51: Part
A52: Close Grip Bench | B52: 4 | C52: 5 | D52: 77 | E52: =D52/100*refs!B4 -> 73.15 | F52: =IF(OR(C52="?",E52<=0), "?", ROUND(E52*(1+(B52+(10-C52))/30),1)) -> 95.1
A53: Close Grip Bench | B53: 4 | C53: 6 | D53: 79 | E53: =D53/100*refs!B4 -> 75.05 | F53: =IF(OR(C53="?",E53<=0), "?", ROUND(E53*(1+(B53+(10-C53))/30),1)) -> 95.1
A54: Close Grip Bench | B54: 8 | C54: 6 | D54: 69 | E54: =D54/100*refs!B4 -> 65.55 | F54: =IF(OR(C54="?",E54<=0), "?", ROUND(E54*(1+(B54+(10-C54))/30),1)) -> 91.8
A55: Deadlift | B55: 1 | C55: 6 | D55: 87 | E55: =D55/100*refs!B5 -> 195.75 | F55: =IF(OR(C55="?",E55<=0), "?", ROUND(E55*(1+(B55+(10-C55))/30),1)) -> 228.4
A56: Deadlift | B56: 1 | C56: 8 | D56: 93 | E56: =D56/100*refs!B5 -> 209.25 | F56: =IF(OR(C56="?",E56<=0), "?", ROUND(E56*(1+(B56+(10-C56))/30),1)) -> 230.2
A57: Deadlift | B57: 1 | C57: 10 | D57: 100 | E57: =D57/100*refs!B5 -> 225 | F57: =IF(OR(C57="?",E57<=0), "?", ROUND(E57*(1+(B57+(10-C57))/30),1)) -> 232.5
A58: Deadlift | B58: 5 | C58: 6 | D58: 76 | E58: =D58/100*refs!B5 -> 171 | F58: =IF(OR(C58="?",E58<=0), "?", ROUND(E58*(1+(B58+(10-C58))/30),1)) -> 222.3
A59: Deadlift | B59: 5 | C59: 6 | D59: 76 | E59: =D59/100*refs!B5 -> 171 | F59: =IF(OR(C59="?",E59<=0), "?", ROUND(E59*(1+(B59+(10-C59))/30),1)) -> 222.3
A60: Deadlift | B60: 5 | C60: 6 | D60: 76 | E60: =D60/100*refs!B5 -> 171 | F60: =IF(OR(C60="?",E60<=0), "?", ROUND(E60*(1+(B60+(10-C60))/30),1)) -> 222.3
A61: =refs!A10 -> Pull-ups | B61: =refs!B10 -> 5 | C61: 8 | E61: =refs!C10 -> 0 | F61: =IF(OR(C61="?",E61<=0), "?", ROUND(E61*(1+(B61+(10-C61))/30),1)) -> ?
A62: =refs!A10 -> Pull-ups | B62: =refs!B10 -> 5 | C62: 8 | E62: =refs!C10 -> 0 | F62: =IF(OR(C62="?",E62<=0), "?", ROUND(E62*(1+(B62+(10-C62))/30),1)) -> ?
A63: =refs!A10 -> Pull-ups | B63: =refs!B10 -> 5 | C63: 8 | E63: =refs!C10 -> 0 | F63: =IF(OR(C63="?",E63<=0), "?", ROUND(E63*(1+(B63+(10-C63))/30),1)) -> ?
A64: =refs!A10 -> Pull-ups | B64: =refs!B10 -> 5 | C64: 8 | E64: =refs!C10 -> 0 | F64: =IF(OR(C64="?",E64<=0), "?", ROUND(E64*(1+(B64+(10-C64))/30),1)) -> ?
A65: =refs!A11 -> Dips | B65: =refs!B11 -> 8 | C65: 8 | E65: =refs!C11 -> 0 | F65: =IF(OR(C65="?",E65<=0), "?", ROUND(E65*(1+(B65+(10-C65))/30),1)) -> ?
A66: =refs!A11 -> Dips | B66: =refs!B11 -> 8 | C66: 8 | E66: =refs!C11 -> 0 | F66: =IF(OR(C66="?",E66<=0), "?", ROUND(E66*(1+(B66+(10-C66))/30),1)) -> ?
A67: =refs!A11 -> Dips | B67: =refs!B11 -> 8 | C67: 8 | E67: =refs!C11 -> 0 | F67: =IF(OR(C67="?",E67<=0), "?", ROUND(E67*(1+(B67+(10-C67))/30),1)) -> ?
A68: =refs!A11 -> Dips | B68: =refs!B11 -> 8 | C68: 8 | E68: =refs!C11 -> 0 | F68: =IF(OR(C68="?",E68<=0), "?", ROUND(E68*(1+(B68+(10-C68))/30),1)) -> ?
A69: =refs!A12 -> Lateral raises | B69: =refs!B12 -> 15 | C69: 8 | E69: =refs!C12 -> 14 | F69: =IF(OR(C69="?",E69<=0), "?", ROUND(E69*(1+(B69+(10-C69))/30),1)) -> 21.9 | G69: 2
A70: =refs!A12 -> Lateral raises | B70: =refs!B12 -> 15 | C70: 8 | E70: =refs!C12 -> 14 | F70: =IF(OR(C70="?",E70<=0), "?", ROUND(E70*(1+(B70+(10-C70))/30),1)) -> 21.9
A71: =refs!A12 -> Lateral raises | B71: =refs!B12 -> 15 | C71: 8 | E71: =refs!C12 -> 14 | F71: =IF(OR(C71="?",E71<=0), "?", ROUND(E71*(1+(B71+(10-C71))/30),1)) -> 21.9
A72: =refs!A12 -> Lateral raises | B72: =refs!B12 -> 15 | C72: 8 | E72: =refs!C12 -> 14 | F72: =IF(OR(C72="?",E72<=0), "?", ROUND(E72*(1+(B72+(10-C72))/30),1)) -> 21.9
A73: =refs!A13 -> Strict curl | B73: =refs!B13 -> 15 | C73: 8 | E73: =refs!C13 -> 14 | F73: =IF(OR(C73="?",E73<=0), "?", ROUND(E73*(1+(B73+(10-C73))/30),1)) -> 21.9
A74: =refs!A13 -> Strict curl | B74: =refs!B13 -> 15 | C74: 8 | E74: =refs!C13 -> 14 | F74: =IF(OR(C74="?",E74<=0), "?", ROUND(E74*(1+(B74+(10-C74))/30),1)) -> 21.9
A75: =refs!A13 -> Strict curl | B75: =refs!B13 -> 15 | C75: 8 | E75: =refs!C13 -> 14 | F75: =IF(OR(C75="?",E75<=0), "?", ROUND(E75*(1+(B75+(10-C75))/30),1)) -> 21.9
A76: =refs!A13 -> Strict curl | B76: =refs!B13 -> 15 | C76: 8 | E76: =refs!C13 -> 14 | F76: =IF(OR(C76="?",E76<=0), "?", ROUND(E76*(1+(B76+(10-C76))/30),1)) -> 21.9
A78: WEEK 4 DAY 4
A79: Exercice | B79: Reps | C79: RPE | D79: Percentage | E79: Load | G79: Part
A80: Squat | B80: 1 | C80: 6 | D80: 87 | E80: =D80/100*refs!B3 -> 104.4 | F80: =IF(OR(C80="?",E80<=0), "?", ROUND(E80*(1+(B80+(10-C80))/30),1)) -> 121.8 | G80: 1
A81: Squat | B81: 1 | C81: 8 | D81: 93 | E81: =D81/100*refs!B3 -> 111.6 | F81: =IF(OR(C81="?",E81<=0), "?", ROUND(E81*(1+(B81+(10-C81))/30),1)) -> 122.8
A82: Squat | B82: 1 | C82: 10 | D82: 100 | E82: =D82/100*refs!B3 -> 120 | F82: =IF(OR(C82="?",E82<=0), "?", ROUND(E82*(1+(B82+(10-C82))/30),1)) -> 124
A83: Squat | B83: 7 | C83: 7 | D83: 74 | E83: =D83/100*refs!B3 -> 88.8 | F83: =IF(OR(C83="?",E83<=0), "?", ROUND(E83*(1+(B83+(10-C83))/30),1)) -> 118.4
A84: Bench | B84: 1 | C84: 7 | D84: 90 | E84: =D84/100*refs!B4 -> 85.5 | F84: =IF(OR(C84="?",E84<=0), "?", ROUND(E84*(1+(B84+(10-C84))/30),1)) -> 96.9
A85: Bench | B85: 1 | C85: 9 | D85: 96 | E85: =D85/100*refs!B4 -> 91.2 | F85: =IF(OR(C85="?",E85<=0), "?", ROUND(E85*(1+(B85+(10-C85))/30),1)) -> 97.3
A86: Bench | B86: 1 | C86: 10 | D86: 100 | E86: =D86/100*refs!B4 -> 95 | F86: =IF(OR(C86="?",E86<=0), "?", ROUND(E86*(1+(B86+(10-C86))/30),1)) -> 98.2
A87: Larsen press | B87: 5 | C87: ? | D87: 79 | E87: =D87/100*refs!B4 -> 75.05 | F87: =IF(OR(C87="?",E87<=0), "?", ROUND(E87*(1+(B87+(10-C87))/30),1)) -> ?
A88: Larsen press | B88: 5 | C88: ? | D88: 79 | E88: =D88/100*refs!B4 -> 75.05 | F88: =IF(OR(C88="?",E88<=0), "?", ROUND(E88*(1+(B88+(10-C88))/30),1)) -> ?
A89: =refs!A14 -> Dumbbel rowing | B89: =refs!B14 -> 8 | C89: 8 | E89: =refs!C14 -> 46 | F89: =IF(OR(C89="?",E89<=0), "?", ROUND(E89*(1+(B89+(10-C89))/30),1)) -> 61.3
A90: =refs!A14 -> Dumbbel rowing | B90: =refs!B14 -> 8 | C90: 8 | E90: =refs!C14 -> 46 | F90: =IF(OR(C90="?",E90<=0), "?", ROUND(E90*(1+(B90+(10-C90))/30),1)) -> 61.3
A91: =refs!A14 -> Dumbbel rowing | B91: =refs!B14 -> 8 | C91: 8 | E91: =refs!C14 -> 46 | F91: =IF(OR(C91="?",E91<=0), "?", ROUND(E91*(1+(B91+(10-C91))/30),1)) -> 61.3
A92: =refs!A14 -> Dumbbel rowing | B92: =refs!B14 -> 8 | C92: 8 | E92: =refs!C14 -> 46 | F92: =IF(OR(C92="?",E92<=0), "?", ROUND(E92*(1+(B92+(10-C92))/30),1)) -> 61.3
A93: =refs!A15 -> Hammer curl | B93: =refs!B15 -> 8 | C93: 8 | E93: =refs!C15 -> 26 | F93: =IF(OR(C93="?",E93<=0), "?", ROUND(E93*(1+(B93+(10-C93))/30),1)) -> 34.7
A94: =refs!A15 -> Hammer curl | B94: =refs!B15 -> 8 | C94: 8 | E94: =refs!C15 -> 26 | F94: =IF(OR(C94="?",E94<=0), "?", ROUND(E94*(1+(B94+(10-C94))/30),1)) -> 34.7
A95: =refs!A15 -> Hammer curl | B95: =refs!B15 -> 8 | C95: 8 | E95: =refs!C15 -> 26 | F95: =IF(OR(C95="?",E95<=0), "?", ROUND(E95*(1+(B95+(10-C95))/30),1)) -> 34.7
A96: =refs!A15 -> Hammer curl | B96: =refs!B15 -> 8 | C96: 8 | E96: =refs!C15 -> 26 | F96: =IF(OR(C96="?",E96<=0), "?", ROUND(E96*(1+(B96+(10-C96))/30),1)) -> 34.7

Sheet week 5
A1: WEEK 5 DAY 1
A2: Exercice | B2: Reps | C2: RPE | D2: Percentage | E2: Load | F2: e1RM | G2: Part
A3: 2CT Paused Bench | B3: 6 | C3: 5 | D3: 71 | E3: =D3/100*refs!B4 -> 67.45 | F3: =IF(OR(C3="?",E3<=0), "?", ROUND(E3*(1+(B3+(10-C3))/30),1)) -> 92.2
A4: 2CT Paused Bench | B4: 6 | C4: 7 | D4: 76 | E4: =D4/100*refs!B4 -> 72.2 | F4: =IF(OR(C4="?",E4<=0), "?", ROUND(E4*(1+(B4+(10-C4))/30),1)) -> 93.9
A5: 2CT Paused Bench | B5: 6 | C5: 7 | D5: 76 | E5: =D5/100*refs!B4 -> 72.2 | F5: =IF(OR(C5="?",E5<=0), "?", ROUND(E5*(1+(B5+(10-C5))/30),1)) -> 93.9
A6: 2CT Paused Bench | B6: 6 | C6: 7 | D6: 76 | E6: =D6/100*refs!B4 -> 72.2 | F6: =IF(OR(C6="?",E6<=0), "?", ROUND(E6*(1+(B6+(10-C6))/30),1)) -> 93.9
A7: Deadlift | B7: 2 | C7: 5 | D7: 81 | E7: =D7/100*refs!B5 -> 182.25 | F7: =IF(OR(C7="?",E7<=0), "?", ROUND(E7*(1+(B7+(10-C7))/30),1)) -> 224.8
A8: Deadlift | B8: 2 | C8: 7 | D8: 86 | E8: =D8/100*refs!B5 -> 193.5 | F8: =IF(OR(C8="?",E8<=0), "?", ROUND(E8*(1+(B8+(10-C8))/30),1)) -> 225.8
A9: Deadlift | B9: 2 | C9: ? | D9: 82 | E9: =D9/100*refs!B5 -> 184.5 | F9: =IF(OR(C9="?",E9<=0), "?", ROUND(E9*(1+(B9+(10-C9))/30),1)) -> ?
A10: =refs!A10 -> Pull-ups | B10: =refs!B10 -> 5 | C10: 8 | E10: =refs!C10 -> 0 | F10: =IF(OR(C10="?",E10<=0), "?", ROUND(E10*(1+(B10+(10-C10))/30),1)) -> ?
A11: =refs!A10 -> Pull-ups | B11: =refs!B10 -> 5 | C11: 8 | E11: =refs!C10 -> 0 | F11: =IF(OR(C11="?",E11<=0), "?", ROUND(E11*(1+(B11+(10-C11))/30),1)) -> ?
A12: =refs!A10 -> Pull-ups | B12: =refs!B10 -> 5 | C12: 8 | E12: =refs!C10 -> 0 | F12: =IF(OR(C12="?",E12<=0), "?", ROUND(E12*(1+(B12+(10-C12))/30),1)) -> ?
A13: =refs!A10 -> Pull-ups | B13: =refs!B10 -> 5 | C13: 8 | E13: =refs!C10 -> 0 | F13: =IF(OR(C13="?",E13<=0), "?", ROUND(E13*(1+(B13+(10-C13))/30),1)) -> ?
A14: =refs!A11 -> Dips | B14: =refs!B11 -> 8 | C14: 8 | E14: =refs!C11 -> 0 | F14: =IF(OR(C14="?",E14<=0), "?", ROUND(E14*(1+(B14+(10-C14))/30),1)) -> ?
A15: =refs!A11 -> Dips | B15: =refs!B11 -> 8 | C15: 8 | E15: =refs!C11 -> 0 | F15: =IF(OR(C15="?",E15<=0), "?", ROUND(E15*(1+(B15+(10-C15))/30),1)) -> ?
A16: =refs!A11 -> Dips | B16: =refs!B11 -> 8 | C16: 8 | E16: =refs!C11 -> 0 | F16: =IF(OR(C16="?",E16<=0), "?", ROUND(E16*(1+(B16+(10-C16))/30),1)) -> ?
A17: =refs!A11 -> Dips | B17: =refs!B11 -> 8 | C17: 8 | E17: =refs!C11 -> 0 | F17: =IF(OR(C17="?",E17<=0), "?", ROUND(E17*(1+(B17+(10-C17))/30),1)) -> ?
A18: =refs!A12 -> Lateral raises | B18: =refs!B12 -> 15 | C18: 8 | E18: =refs!C12 -> 14 | F18: =IF(OR(C18="?",E18<=0), "?", ROUND(E18*(1+(B18+(10-C18))/30),1)) -> 21.9 | G18: 2
A19: =refs!A12 -> Lateral raises | B19: =refs!B12 -> 15 | C19: 8 | E19: =refs!C12 -> 14 | F19: =IF(OR(C19="?",E19<=0), "?", ROUND(E19*(1+(B19+(10-C19))/30),1)) -> 21.9
A20: =refs!A12 -> Lateral raises | B20: =refs!B12 -> 15 | C20: 8 | E20: =refs!C12 -> 14 | F20: =IF(OR(C20="?",E20<=0), "?", ROUND(E20*(1+(B20+(10-C20))/30),1)) -> 21.9
A21: =refs!A12 -> Lateral raises | B21: =refs!B12 -> 15 | C21: 8 | E21: =refs!C12 -> 14 | F21: =IF(OR(C21="?",E21<=0), "?", ROUND(E21*(1+(B21+(10-C21))/30),1)) -> 21.9
A22: =refs!A13 -> Strict curl | B22: =refs!B13 -> 15 | C22: 8 | E22: =refs!C13 -> 14 | F22: =IF(OR(C22="?",E22<=0), "?", ROUND(E22*(1+(B22+(10-C22))/30),1)) -> 21.9
A23: =refs!A13 -> Strict curl | B23: =refs!B13 -> 15 | C23: 8 | E23: =refs!C13 -> 14 | F23: =IF(OR(C23="?",E23<=0), "?", ROUND(E23*(1+(B23+(10-C23))/30),1)) -> 21.9
A24: =refs!A13 -> Strict curl | B24: =refs!B13 -> 15 | C24: 8 | E24: =refs!C13 -> 14 | F24: =IF(OR(C24="?",E24<=0), "?", ROUND(E24*(1+(B24+(10-C24))/30),1)) -> 21.9
A25: =refs!A13 -> Strict curl | B25: =refs!B13 -> 15 | C25: 8 | E25: =refs!C13 -> 14 | F25: =IF(OR(C25="?",E25<=0), "?", ROUND(E25*(1+(B25+(10-C25))/30),1)) -> 21.9
A27: WEEK 5 DAY 2
A28: Exercice | B28: Reps | C28: RPE | D28: Percentage | E28: Load | F28: e1RM | G28: Part
A29: Squat | B29: 6 | C29: 5 | D29: 71 | E29: =D29/100*refs!B3 -> 85.2 | F29: =IF(OR(C29="?",E29<=0), "?", ROUND(E29*(1+(B29+(10-C29))/30),1)) -> 116.4 | G29: 1
A30: Squat | B30: 6 | C30: 6 | D30: 74 | E30: =D30/100*refs!B3 -> 88.8 | F30: =IF(OR(C30="?",E30<=0), "?", ROUND(E30*(1+(B30+(10-C30))/30),1)) -> 118.4
A31: Squat | B31: 6 | C31: 6 | D31: 74 | E31: =D31/100*refs!B3 -> 88.8 | F31: =IF(OR(C31="?",E31<=0), "?", ROUND(E31*(1+(B31+(10-C31))/30),1)) -> 118.4
A32: Reverse bar squat | B32: 8 | C32: 5 | D32: 65 | E32: =D32/100*refs!B3 -> 78 | F32: =IF(OR(C32="?",E32<=0), "?", ROUND(E32*(1+(B32+(10-C32))/30),1)) -> 111.8
A33: Reverse bar squat | B33: 8 | C33: 7 | D33: 71 | E33: =D33/100*refs!B3 -> 85.2 | F33: =IF(OR(C33="?",E33<=0), "?", ROUND(E33*(1+(B33+(10-C33))/30),1)) -> 116.4
A34: Reverse bar squat | B34: 8 | C34: 7 | D34: 71 | E34: =D34/100*refs!B3 -> 85.2 | F34: =IF(OR(C34="?",E34<=0), "?", ROUND(E34*(1+(B34+(10-C34))/30),1)) -> 116.4
A35: Bench | B35: 10 | C35: 8 | D35: 69 | E35: =D35/100*refs!B4 -> 65.55 | F35: =IF(OR(C35="?",E35<=0), "?", ROUND(E35*(1+(B35+(10-C35))/30),1)) -> 91.8
A36: Bench | B36: 10 | C36: ? | D36: 61 | E36: =D36/100*refs!B4 -> 57.95 | F36: =IF(OR(C36="?",E36<=0), "?", ROUND(E36*(1+(B36+(10-C36))/30),1)) -> ?
A37: Bench | B37: 10 | C37: ? | D37: 61 | E37: =D37/100*refs!B4 -> 57.95 | F37: =IF(OR(C37="?",E37<=0), "?", ROUND(E37*(1+(B37+(10-C37))/30),1)) -> ?
A38: =refs!A14 -> Dumbbel rowing | B38: =refs!B14 -> 8 | C38: 8 | E38: =refs!C14 -> 46 | F38: =IF(OR(C38="?",E38<=0), "?", ROUND(E38*(1+(B38+(10-C38))/30),1)) -> 61.3
A39: =refs!A14 -> Dumbbel rowing | B39: =refs!B14 -> 8 | C39: 8 | E39: =refs!C14 -> 46 | F39: =IF(OR(C39="?",E39<=0), "?", ROUND(E39*(1+(B39+(10-C39))/30),1)) -> 61.3
A40: =refs!A14 -> Dumbbel rowing | B40: =refs!B14 -> 8 | C40: 8 | E40: =refs!C14 -> 46 | F40: =IF(OR(C40="?",E40<=0), "?", ROUND(E40*(1+(B40+(10-C40))/30),1)) -> 61.3
A41: =refs!A14 -> Dumbbel rowing | B41: =refs!B14 -> 8 | C41: 8 | E41: =refs!C14 -> 46 | F41: =IF(OR(C41="?",E41<=0), "?", ROUND(E41*(1+(B41+(10-C41))/30),1)) -> 61.3
A42: =refs!A15 -> Hammer curl | B42: =refs!B15 -> 8 | C42: 8 | E42: =refs!C15 -> 26 | F42: =IF(OR(C42="?",E42<=0), "?", ROUND(E42*(1+(B42+(10-C42))/30),1)) -> 34.7
A43: =refs!A15 -> Hammer curl | B43: =refs!B15 -> 8 | C43: 8 | E43: =refs!C15 -> 26 | F43: =IF(OR(C43="?",E43<=0), "?", ROUND(E43*(1+(B43+(10-C43))/30),1)) -> 34.7
A44: =refs!A15 -> Hammer curl | B44: =refs!B15 -> 8 | C44: 8 | E44: =refs!C15 -> 26 | F44: =IF(OR(C44="?",E44<=0), "?", ROUND(E44*(1+(B44+(10-C44))/30),1)) -> 34.7
A45: =refs!A15 -> Hammer curl | B45: =refs!B15 -> 8 | C45: 8 | E45: =refs!C15 -> 26 | F45: =IF(OR(C45="?",E45<=0), "?", ROUND(E45*(1+(B45+(10-C45))/30),1)) -> 34.7
A47: WEEK 5 DAY 3
A48: Exercice | B48: Reps | C48: RPE | D48: Percentage | E48: Load | F48: e1RM | G48: Part
A49: Close Grip Bench | B49: 5 | C49: 5 | D49: 74 | E49: =D49/100*refs!B4 -> 70.3 | F49: =IF(OR(C49="?",E49<=0), "?", ROUND(E49*(1+(B49+(10-C49))/30),1)) -> 93.7
A50: Close Grip Bench | B50: 5 | C50: 7 | D50: 78 | E50: =D50/100*refs!B4 -> 74.1 | F50: =IF(OR(C50="?",E50<=0), "?", ROUND(E50*(1+(B50+(10-C50))/30),1)) -> 93.9
A51: Deadlift | B51: 4 | C51: 5 | D51: 77 | E51: =D51/100*refs!B5 -> 173.25 | F51: =IF(OR(C51="?",E51<=0), "?", ROUND(E51*(1+(B51+(10-C51))/30),1)) -> 225.2
A52: Deadlift | B52: 4 | C52: 7 | D52: 82 | E52: =D52/100*refs!B5 -> 184.5 | F52: =IF(OR(C52="?",E52<=0), "?", ROUND(E52*(1+(B52+(10-C52))/30),1)) -> 227.6
A53: Deadlift | B53: 4 | C53: ? | D53: 75 | E53: =D53/100*refs!B5 -> 168.75 | F53: =IF(OR(C53="?",E53<=0), "?", ROUND(E53*(1+(B53+(10-C53))/30),1)) -> ?
A54: Deadlift | B54: 8 | C54: 7 | D54: 71 | E54: =D54/100*refs!B5 -> 159.75 | F54: =IF(OR(C54="?",E54<=0), "?", ROUND(E54*(1+(B54+(10-C54))/30),1)) -> 218.3
A55: =refs!A10 -> Pull-ups | B55: =refs!B10 -> 5 | C55: 8 | E55: =refs!C10 -> 0 | F55: =IF(OR(C55="?",E55<=0), "?", ROUND(E55*(1+(B55+(10-C55))/30),1)) -> ?
A56: =refs!A10 -> Pull-ups | B56: =refs!B10 -> 5 | C56: 8 | E56: =refs!C10 -> 0 | F56: =IF(OR(C56="?",E56<=0), "?", ROUND(E56*(1+(B56+(10-C56))/30),1)) -> ?
A57: =refs!A10 -> Pull-ups | B57: =refs!B10 -> 5 | C57: 8 | E57: =refs!C10 -> 0 | F57: =IF(OR(C57="?",E57<=0), "?", ROUND(E57*(1+(B57+(10-C57))/30),1)) -> ?
A58: =refs!A10 -> Pull-ups | B58: =refs!B10 -> 5 | C58: 8 | E58: =refs!C10 -> 0 | F58: =IF(OR(C58="?",E58<=0), "?", ROUND(E58*(1+(B58+(10-C58))/30),1)) -> ?
A59: =refs!A11 -> Dips | B59: =refs!B11 -> 8 | C59: 8 | E59: =refs!C11 -> 0 | F59: =IF(OR(C59="?",E59<=0), "?", ROUND(E59*(1+(B59+(10-C59))/30),1)) -> ?
A60: =refs!A11 -> Dips | B60: =refs!B11 -> 8 | C60: 8 | E60: =refs!C10 -> 0 | F60: =IF(OR(C60="?",E60<=0), "?", ROUND(E60*(1+(B60+(10-C60))/30),1)) -> ?
A61: =refs!A11 -> Dips | B61: =refs!B11 -> 8 | C61: 8 | E61: =refs!C11 -> 0 | F61: =IF(OR(C61="?",E61<=0), "?", ROUND(E61*(1+(B61+(10-C61))/30),1)) -> ?
A62: =refs!A11 -> Dips | B62: =refs!B11 -> 8 | C62: 8 | E62: =refs!C11 -> 0 | F62: =IF(OR(C62="?",E62<=0), "?", ROUND(E62*(1+(B62+(10-C62))/30),1)) -> ?
A63: =refs!A12 -> Lateral raises | B63: =refs!B12 -> 15 | C63: 8 | E63: =refs!C12 -> 14 | F63: =IF(OR(C63="?",E63<=0), "?", ROUND(E63*(1+(B63+(10-C63))/30),1)) -> 21.9 | G63: 2
A64: =refs!A12 -> Lateral raises | B64: =refs!B12 -> 15 | C64: 8 | E64: =refs!C12 -> 14 | F64: =IF(OR(C64="?",E64<=0), "?", ROUND(E64*(1+(B64+(10-C64))/30),1)) -> 21.9
A65: =refs!A12 -> Lateral raises | B65: =refs!B12 -> 15 | C65: 8 | E65: =refs!C12 -> 14 | F65: =IF(OR(C65="?",E65<=0), "?", ROUND(E65*(1+(B65+(10-C65))/30),1)) -> 21.9
A66: =refs!A12 -> Lateral raises | B66: =refs!B12 -> 15 | C66: 8 | E66: =refs!C12 -> 14 | F66: =IF(OR(C66="?",E66<=0), "?", ROUND(E66*(1+(B66+(10-C66))/30),1)) -> 21.9
A67: =refs!A13 -> Strict curl | B67: =refs!B13 -> 15 | C67: 8 | E67: =refs!C13 -> 14 | F67: =IF(OR(C67="?",E67<=0), "?", ROUND(E67*(1+(B67+(10-C67))/30),1)) -> 21.9
A68: =refs!A13 -> Strict curl | B68: =refs!B13 -> 15 | C68: 8 | E68: =refs!C13 -> 14 | F68: =IF(OR(C68="?",E68<=0), "?", ROUND(E68*(1+(B68+(10-C68))/30),1)) -> 21.9
A69: =refs!A13 -> Strict curl | B69: =refs!B13 -> 15 | C69: 8 | E69: =refs!C13 -> 14 | F69: =IF(OR(C69="?",E69<=0), "?", ROUND(E69*(1+(B69+(10-C69))/30),1)) -> 21.9
A70: =refs!A13 -> Strict curl | B70: =refs!B13 -> 15 | C70: 8 | E70: =refs!C13 -> 14 | F70: =IF(OR(C70="?",E70<=0), "?", ROUND(E70*(1+(B70+(10-C70))/30),1)) -> 21.9
A72: =refs!C15 -> 26
A73: Exercice | B73: Reps | C73: RPE | D73: Percentage | E73: Load | F73: e1RM | G73: Part
A74: Squat | B74: 4 | C74: 5 | D74: 77 | E74: =D74/100*refs!B3 -> 92.4 | F74: =IF(OR(C74="?",E74<=0), "?", ROUND(E74*(1+(B74+(10-C74))/30),1)) -> 120.1 | G74: 1
A75: Squat | B75: 4 | C75: 7 | D75: 82 | E75: =D75/100*refs!B3 -> 98.4 | F75: =IF(OR(C75="?",E75<=0), "?", ROUND(E75*(1+(B75+(10-C75))/30),1)) -> 121.4
A76: Squat | B76: 8 | C76: 7 | D76: 71 | E76: =D76/100*refs!B3 -> 85.2 | F76: =IF(OR(C76="?",E76<=0), "?", ROUND(E76*(1+(B76+(10-C76))/30),1)) -> 116.4
A77: Bench | B77: 4 | C77: 6 | D77: 79 | E77: =D77/100*refs!B4 -> 75.05 | F77: =IF(OR(C77="?",E77<=0), "?", ROUND(E77*(1+(B77+(10-C77))/30),1)) -> 95.1
A78: Bench | B78: 4 | C78: 8 | D78: 84 | E78: =D78/100*refs!B4 -> 79.8 | F78: =IF(OR(C78="?",E78<=0), "?", ROUND(E78*(1+(B78+(10-C78))/30),1)) -> 95.8
A79: Larsen press | B79: 8 | C79: 7 | D79: 71 | E79: =D79/100*refs!B4 -> 67.45 | F79: =IF(OR(C79="?",E79<=0), "?", ROUND(E79*(1+(B79+(10-C79))/30),1)) -> 92.2
A80: Larsen press | B80: 8 | C80: 7 | D80: 71 | E80: =D80/100*refs!B4 -> 67.45 | F80: =IF(OR(C80="?",E80<=0), "?", ROUND(E80*(1+(B80+(10-C80))/30),1)) -> 92.2
A81: =refs!A14 -> Dumbbel rowing | B81: =refs!B14 -> 8 | C81: 8 | E81: =refs!C14 -> 46 | F81: =IF(OR(C81="?",E81<=0), "?", ROUND(E81*(1+(B81+(10-C81))/30),1)) -> 61.3
A82: =refs!A14 -> Dumbbel rowing | B82: =refs!B14 -> 8 | C82: 8 | E82: =refs!C14 -> 46 | F82: =IF(OR(C82="?",E82<=0), "?", ROUND(E82*(1+(B82+(10-C82))/30),1)) -> 61.3
A83: =refs!A14 -> Dumbbel rowing | B83: =refs!B14 -> 8 | C83: 8 | E83: =refs!C14 -> 46 | F83: =IF(OR(C83="?",E83<=0), "?", ROUND(E83*(1+(B83+(10-C83))/30),1)) -> 61.3
A84: =refs!A14 -> Dumbbel rowing | B84: =refs!B14 -> 8 | C84: 8 | E84: =refs!C14 -> 46 | F84: =IF(OR(C84="?",E84<=0), "?", ROUND(E84*(1+(B84+(10-C84))/30),1)) -> 61.3
A85: =refs!A15 -> Hammer curl | B85: =refs!B15 -> 8 | C85: 8 | E85: =refs!C15 -> 26 | F85: =IF(OR(C85="?",E85<=0), "?", ROUND(E85*(1+(B85+(10-C85))/30),1)) -> 34.7
A86: =refs!A15 -> Hammer curl | B86: =refs!B15 -> 8 | C86: 8 | E86: =refs!C15 -> 26 | F86: =IF(OR(C86="?",E86<=0), "?", ROUND(E86*(1+(B86+(10-C86))/30),1)) -> 34.7
A87: =refs!A15 -> Hammer curl | B87: =refs!B15 -> 8 | C87: 8 | E87: =refs!C15 -> 26 | F87: =IF(OR(C87="?",E87<=0), "?", ROUND(E87*(1+(B87+(10-C87))/30),1)) -> 34.7
A88: =refs!A15 -> Hammer curl | B88: =refs!B15 -> 8 | C88: 8 | E88: =refs!C15 -> 26 | F88: =IF(OR(C88="?",E88<=0), "?", ROUND(E88*(1+(B88+(10-C88))/30),1)) -> 34.7
